--
-- PostgreSQL database dump
--

-- Dumped from database version 16.9
-- Dumped by pg_dump version 17.5

SET statement_timeout = 0;
SET lock_timeout = 0;
SET idle_in_transaction_session_timeout = 0;
SET transaction_timeout = 0;
SET client_encoding = 'UTF8';
SET standard_conforming_strings = on;
SELECT pg_catalog.set_config('search_path', '', false);
SET check_function_bodies = false;
SET xmloption = content;
SET client_min_messages = warning;
SET row_security = off;

SET default_tablespace = '';

SET default_table_access_method = heap;

--
-- Name: admins; Type: TABLE; Schema: public; Owner: neondb_owner
--

CREATE TABLE public.admins (
    id integer NOT NULL,
    email character varying(120) NOT NULL,
    password_hash character varying(256) NOT NULL,
    full_name character varying(100) NOT NULL,
    admin_id character varying(20) NOT NULL,
    role character varying(50),
    permissions text,
    is_active boolean,
    is_super_admin boolean,
    profile_image character varying(200),
    phone character varying(20),
    created_at timestamp without time zone,
    updated_at timestamp without time zone,
    last_login timestamp without time zone
);


ALTER TABLE public.admins OWNER TO neondb_owner;

--
-- Name: admins_id_seq; Type: SEQUENCE; Schema: public; Owner: neondb_owner
--

CREATE SEQUENCE public.admins_id_seq
    AS integer
    START WITH 1
    INCREMENT BY 1
    NO MINVALUE
    NO MAXVALUE
    CACHE 1;


ALTER SEQUENCE public.admins_id_seq OWNER TO neondb_owner;

--
-- Name: admins_id_seq; Type: SEQUENCE OWNED BY; Schema: public; Owner: neondb_owner
--

ALTER SEQUENCE public.admins_id_seq OWNED BY public.admins.id;


--
-- Name: applications; Type: TABLE; Schema: public; Owner: neondb_owner
--

CREATE TABLE public.applications (
    id integer NOT NULL,
    user_id integer,
    property_id character varying(50),
    property_name character varying(200) NOT NULL,
    complex_name character varying(200) NOT NULL,
    status character varying(20),
    message text,
    preferred_contact character varying(20),
    created_at timestamp without time zone,
    updated_at timestamp without time zone,
    contact_name character varying(200),
    contact_email character varying(120),
    contact_phone character varying(20)
);


ALTER TABLE public.applications OWNER TO neondb_owner;

--
-- Name: applications_id_seq; Type: SEQUENCE; Schema: public; Owner: neondb_owner
--

CREATE SEQUENCE public.applications_id_seq
    AS integer
    START WITH 1
    INCREMENT BY 1
    NO MINVALUE
    NO MAXVALUE
    CACHE 1;


ALTER SEQUENCE public.applications_id_seq OWNER TO neondb_owner;

--
-- Name: applications_id_seq; Type: SEQUENCE OWNED BY; Schema: public; Owner: neondb_owner
--

ALTER SEQUENCE public.applications_id_seq OWNED BY public.applications.id;


--
-- Name: blog_article_tags; Type: TABLE; Schema: public; Owner: neondb_owner
--

CREATE TABLE public.blog_article_tags (
    article_id integer NOT NULL,
    tag_id integer NOT NULL
);


ALTER TABLE public.blog_article_tags OWNER TO neondb_owner;

--
-- Name: blog_articles; Type: TABLE; Schema: public; Owner: neondb_owner
--

CREATE TABLE public.blog_articles (
    id integer NOT NULL,
    title character varying(200) NOT NULL,
    slug character varying(200) NOT NULL,
    excerpt character varying(500),
    content text NOT NULL,
    author_id integer NOT NULL,
    author_name character varying(100),
    category_id integer NOT NULL,
    status character varying(20),
    published_at timestamp without time zone,
    scheduled_at timestamp without time zone,
    meta_title character varying(200),
    meta_description character varying(300),
    meta_keywords character varying(500),
    featured_image character varying(300),
    featured_image_alt character varying(200),
    is_featured boolean,
    allow_comments boolean,
    views_count integer,
    reading_time integer,
    created_at timestamp without time zone,
    updated_at timestamp without time zone,
    category character varying(255)
);


ALTER TABLE public.blog_articles OWNER TO neondb_owner;

--
-- Name: blog_articles_id_seq; Type: SEQUENCE; Schema: public; Owner: neondb_owner
--

CREATE SEQUENCE public.blog_articles_id_seq
    AS integer
    START WITH 1
    INCREMENT BY 1
    NO MINVALUE
    NO MAXVALUE
    CACHE 1;


ALTER SEQUENCE public.blog_articles_id_seq OWNER TO neondb_owner;

--
-- Name: blog_articles_id_seq; Type: SEQUENCE OWNED BY; Schema: public; Owner: neondb_owner
--

ALTER SEQUENCE public.blog_articles_id_seq OWNED BY public.blog_articles.id;


--
-- Name: blog_categories; Type: TABLE; Schema: public; Owner: neondb_owner
--

CREATE TABLE public.blog_categories (
    id integer NOT NULL,
    name character varying(100) NOT NULL,
    slug character varying(100) NOT NULL,
    description text,
    color character varying(20),
    icon character varying(50),
    meta_title character varying(200),
    meta_description character varying(300),
    sort_order integer,
    is_active boolean,
    articles_count integer,
    views_count integer,
    created_at timestamp without time zone,
    updated_at timestamp without time zone
);


ALTER TABLE public.blog_categories OWNER TO neondb_owner;

--
-- Name: blog_categories_id_seq; Type: SEQUENCE; Schema: public; Owner: neondb_owner
--

CREATE SEQUENCE public.blog_categories_id_seq
    AS integer
    START WITH 1
    INCREMENT BY 1
    NO MINVALUE
    NO MAXVALUE
    CACHE 1;


ALTER SEQUENCE public.blog_categories_id_seq OWNER TO neondb_owner;

--
-- Name: blog_categories_id_seq; Type: SEQUENCE OWNED BY; Schema: public; Owner: neondb_owner
--

ALTER SEQUENCE public.blog_categories_id_seq OWNED BY public.blog_categories.id;


--
-- Name: blog_comments; Type: TABLE; Schema: public; Owner: neondb_owner
--

CREATE TABLE public.blog_comments (
    id integer NOT NULL,
    article_id integer NOT NULL,
    author_name character varying(100) NOT NULL,
    author_email character varying(120) NOT NULL,
    author_website character varying(200),
    user_id integer,
    content text NOT NULL,
    status character varying(20),
    ip_address character varying(50),
    user_agent character varying(300),
    parent_id integer,
    created_at timestamp without time zone,
    updated_at timestamp without time zone
);


ALTER TABLE public.blog_comments OWNER TO neondb_owner;

--
-- Name: blog_comments_id_seq; Type: SEQUENCE; Schema: public; Owner: neondb_owner
--

CREATE SEQUENCE public.blog_comments_id_seq
    AS integer
    START WITH 1
    INCREMENT BY 1
    NO MINVALUE
    NO MAXVALUE
    CACHE 1;


ALTER SEQUENCE public.blog_comments_id_seq OWNER TO neondb_owner;

--
-- Name: blog_comments_id_seq; Type: SEQUENCE OWNED BY; Schema: public; Owner: neondb_owner
--

ALTER SEQUENCE public.blog_comments_id_seq OWNED BY public.blog_comments.id;


--
-- Name: blog_posts; Type: TABLE; Schema: public; Owner: neondb_owner
--

CREATE TABLE public.blog_posts (
    id integer NOT NULL,
    title character varying(255) NOT NULL,
    slug character varying(255) NOT NULL,
    content text NOT NULL,
    excerpt text,
    meta_title character varying(255),
    meta_description text,
    meta_keywords character varying(500),
    status character varying(20),
    featured_image character varying(500),
    category character varying(100),
    tags text,
    author_id integer NOT NULL,
    published_at timestamp without time zone,
    scheduled_for timestamp without time zone,
    views_count integer,
    likes_count integer,
    created_at timestamp without time zone,
    updated_at timestamp without time zone
);


ALTER TABLE public.blog_posts OWNER TO neondb_owner;

--
-- Name: blog_posts_id_seq; Type: SEQUENCE; Schema: public; Owner: neondb_owner
--

CREATE SEQUENCE public.blog_posts_id_seq
    AS integer
    START WITH 1
    INCREMENT BY 1
    NO MINVALUE
    NO MAXVALUE
    CACHE 1;


ALTER SEQUENCE public.blog_posts_id_seq OWNER TO neondb_owner;

--
-- Name: blog_posts_id_seq; Type: SEQUENCE OWNED BY; Schema: public; Owner: neondb_owner
--

ALTER SEQUENCE public.blog_posts_id_seq OWNED BY public.blog_posts.id;


--
-- Name: blog_tags; Type: TABLE; Schema: public; Owner: neondb_owner
--

CREATE TABLE public.blog_tags (
    id integer NOT NULL,
    name character varying(50) NOT NULL,
    slug character varying(50) NOT NULL,
    description text,
    usage_count integer,
    created_at timestamp without time zone
);


ALTER TABLE public.blog_tags OWNER TO neondb_owner;

--
-- Name: blog_tags_id_seq; Type: SEQUENCE; Schema: public; Owner: neondb_owner
--

CREATE SEQUENCE public.blog_tags_id_seq
    AS integer
    START WITH 1
    INCREMENT BY 1
    NO MINVALUE
    NO MAXVALUE
    CACHE 1;


ALTER SEQUENCE public.blog_tags_id_seq OWNER TO neondb_owner;

--
-- Name: blog_tags_id_seq; Type: SEQUENCE OWNED BY; Schema: public; Owner: neondb_owner
--

ALTER SEQUENCE public.blog_tags_id_seq OWNED BY public.blog_tags.id;


--
-- Name: callback_requests; Type: TABLE; Schema: public; Owner: neondb_owner
--

CREATE TABLE public.callback_requests (
    id integer NOT NULL,
    name character varying(200) NOT NULL,
    phone character varying(20) NOT NULL,
    email character varying(120),
    preferred_time character varying(50),
    notes text,
    interest character varying(100),
    budget character varying(50),
    timing character varying(50),
    status character varying(50),
    assigned_manager_id integer,
    manager_notes text,
    created_at timestamp without time zone,
    processed_at timestamp without time zone
);


ALTER TABLE public.callback_requests OWNER TO neondb_owner;

--
-- Name: callback_requests_id_seq; Type: SEQUENCE; Schema: public; Owner: neondb_owner
--

CREATE SEQUENCE public.callback_requests_id_seq
    AS integer
    START WITH 1
    INCREMENT BY 1
    NO MINVALUE
    NO MAXVALUE
    CACHE 1;


ALTER SEQUENCE public.callback_requests_id_seq OWNER TO neondb_owner;

--
-- Name: callback_requests_id_seq; Type: SEQUENCE OWNED BY; Schema: public; Owner: neondb_owner
--

ALTER SEQUENCE public.callback_requests_id_seq OWNED BY public.callback_requests.id;


--
-- Name: cashback_applications; Type: TABLE; Schema: public; Owner: neondb_owner
--

CREATE TABLE public.cashback_applications (
    id integer NOT NULL,
    user_id integer NOT NULL,
    property_id character varying(50),
    property_name character varying(200) NOT NULL,
    property_type character varying(50) NOT NULL,
    property_size double precision NOT NULL,
    property_price integer NOT NULL,
    complex_name character varying(200) NOT NULL,
    developer_name character varying(200) NOT NULL,
    cashback_amount integer NOT NULL,
    cashback_percent double precision NOT NULL,
    status character varying(50),
    application_date timestamp without time zone,
    approved_date timestamp without time zone,
    payout_date timestamp without time zone,
    notes text,
    approved_by_manager_id integer,
    manager_notes text,
    created_at timestamp without time zone,
    updated_at timestamp without time zone
);


ALTER TABLE public.cashback_applications OWNER TO neondb_owner;

--
-- Name: cashback_applications_id_seq; Type: SEQUENCE; Schema: public; Owner: neondb_owner
--

CREATE SEQUENCE public.cashback_applications_id_seq
    AS integer
    START WITH 1
    INCREMENT BY 1
    NO MINVALUE
    NO MAXVALUE
    CACHE 1;


ALTER SEQUENCE public.cashback_applications_id_seq OWNER TO neondb_owner;

--
-- Name: cashback_applications_id_seq; Type: SEQUENCE OWNED BY; Schema: public; Owner: neondb_owner
--

ALTER SEQUENCE public.cashback_applications_id_seq OWNED BY public.cashback_applications.id;


--
-- Name: cashback_payouts; Type: TABLE; Schema: public; Owner: neondb_owner
--

CREATE TABLE public.cashback_payouts (
    id integer NOT NULL,
    user_id integer NOT NULL,
    amount numeric(15,2) NOT NULL,
    status character varying(50),
    payment_method character varying(100),
    admin_notes text,
    requested_at timestamp without time zone,
    processed_at timestamp without time zone
);


ALTER TABLE public.cashback_payouts OWNER TO neondb_owner;

--
-- Name: cashback_payouts_id_seq; Type: SEQUENCE; Schema: public; Owner: neondb_owner
--

CREATE SEQUENCE public.cashback_payouts_id_seq
    AS integer
    START WITH 1
    INCREMENT BY 1
    NO MINVALUE
    NO MAXVALUE
    CACHE 1;


ALTER SEQUENCE public.cashback_payouts_id_seq OWNER TO neondb_owner;

--
-- Name: cashback_payouts_id_seq; Type: SEQUENCE OWNED BY; Schema: public; Owner: neondb_owner
--

ALTER SEQUENCE public.cashback_payouts_id_seq OWNED BY public.cashback_payouts.id;


--
-- Name: cashback_records; Type: TABLE; Schema: public; Owner: neondb_owner
--

CREATE TABLE public.cashback_records (
    id integer NOT NULL,
    user_id integer NOT NULL,
    property_id integer,
    property_name character varying(200) NOT NULL,
    property_price double precision NOT NULL,
    amount double precision NOT NULL,
    percentage double precision NOT NULL,
    status character varying(20),
    created_at timestamp without time zone,
    approved_at timestamp without time zone,
    paid_at timestamp without time zone
);


ALTER TABLE public.cashback_records OWNER TO neondb_owner;

--
-- Name: cashback_records_id_seq; Type: SEQUENCE; Schema: public; Owner: neondb_owner
--

CREATE SEQUENCE public.cashback_records_id_seq
    AS integer
    START WITH 1
    INCREMENT BY 1
    NO MINVALUE
    NO MAXVALUE
    CACHE 1;


ALTER SEQUENCE public.cashback_records_id_seq OWNER TO neondb_owner;

--
-- Name: cashback_records_id_seq; Type: SEQUENCE OWNED BY; Schema: public; Owner: neondb_owner
--

ALTER SEQUENCE public.cashback_records_id_seq OWNED BY public.cashback_records.id;


--
-- Name: cities; Type: TABLE; Schema: public; Owner: neondb_owner
--

CREATE TABLE public.cities (
    id integer NOT NULL,
    name character varying(100) NOT NULL,
    slug character varying(100) NOT NULL,
    is_active boolean,
    is_default boolean,
    phone character varying(20),
    email character varying(120),
    address character varying(200),
    latitude double precision,
    longitude double precision,
    zoom_level integer,
    description text,
    meta_title character varying(200),
    meta_description character varying(300),
    created_at timestamp without time zone,
    updated_at timestamp without time zone
);


ALTER TABLE public.cities OWNER TO neondb_owner;

--
-- Name: cities_id_seq; Type: SEQUENCE; Schema: public; Owner: neondb_owner
--

CREATE SEQUENCE public.cities_id_seq
    AS integer
    START WITH 1
    INCREMENT BY 1
    NO MINVALUE
    NO MAXVALUE
    CACHE 1;


ALTER SEQUENCE public.cities_id_seq OWNER TO neondb_owner;

--
-- Name: cities_id_seq; Type: SEQUENCE OWNED BY; Schema: public; Owner: neondb_owner
--

ALTER SEQUENCE public.cities_id_seq OWNED BY public.cities.id;


--
-- Name: client_property_recommendations; Type: TABLE; Schema: public; Owner: neondb_owner
--

CREATE TABLE public.client_property_recommendations (
    id integer NOT NULL,
    manager_id integer NOT NULL,
    client_id integer NOT NULL,
    search_id integer NOT NULL,
    message text,
    sent_at timestamp without time zone,
    viewed_at timestamp without time zone
);


ALTER TABLE public.client_property_recommendations OWNER TO neondb_owner;

--
-- Name: client_property_recommendations_id_seq; Type: SEQUENCE; Schema: public; Owner: neondb_owner
--

CREATE SEQUENCE public.client_property_recommendations_id_seq
    AS integer
    START WITH 1
    INCREMENT BY 1
    NO MINVALUE
    NO MAXVALUE
    CACHE 1;


ALTER SEQUENCE public.client_property_recommendations_id_seq OWNER TO neondb_owner;

--
-- Name: client_property_recommendations_id_seq; Type: SEQUENCE OWNED BY; Schema: public; Owner: neondb_owner
--

ALTER SEQUENCE public.client_property_recommendations_id_seq OWNED BY public.client_property_recommendations.id;


--
-- Name: collection_properties; Type: TABLE; Schema: public; Owner: neondb_owner
--

CREATE TABLE public.collection_properties (
    id integer NOT NULL,
    collection_id integer NOT NULL,
    property_id character varying(100) NOT NULL,
    property_name character varying(255),
    property_price integer,
    complex_name character varying(255),
    property_type character varying(100),
    property_size double precision,
    manager_note text,
    order_index integer,
    created_at timestamp without time zone,
    added_at timestamp without time zone DEFAULT now()
);


ALTER TABLE public.collection_properties OWNER TO neondb_owner;

--
-- Name: collection_properties_id_seq; Type: SEQUENCE; Schema: public; Owner: neondb_owner
--

CREATE SEQUENCE public.collection_properties_id_seq
    AS integer
    START WITH 1
    INCREMENT BY 1
    NO MINVALUE
    NO MAXVALUE
    CACHE 1;


ALTER SEQUENCE public.collection_properties_id_seq OWNER TO neondb_owner;

--
-- Name: collection_properties_id_seq; Type: SEQUENCE OWNED BY; Schema: public; Owner: neondb_owner
--

ALTER SEQUENCE public.collection_properties_id_seq OWNED BY public.collection_properties.id;


--
-- Name: collections; Type: TABLE; Schema: public; Owner: neondb_owner
--

CREATE TABLE public.collections (
    id integer NOT NULL,
    title character varying(255) NOT NULL,
    description text,
    created_by_manager_id integer NOT NULL,
    assigned_to_user_id integer,
    status character varying(50),
    is_public boolean,
    tags text,
    created_at timestamp without time zone,
    updated_at timestamp without time zone,
    sent_at timestamp without time zone,
    viewed_at timestamp without time zone,
    name character varying(255)
);


ALTER TABLE public.collections OWNER TO neondb_owner;

--
-- Name: collections_id_seq; Type: SEQUENCE; Schema: public; Owner: neondb_owner
--

CREATE SEQUENCE public.collections_id_seq
    AS integer
    START WITH 1
    INCREMENT BY 1
    NO MINVALUE
    NO MAXVALUE
    CACHE 1;


ALTER SEQUENCE public.collections_id_seq OWNER TO neondb_owner;

--
-- Name: collections_id_seq; Type: SEQUENCE OWNED BY; Schema: public; Owner: neondb_owner
--

ALTER SEQUENCE public.collections_id_seq OWNED BY public.collections.id;


--
-- Name: developer_appointments; Type: TABLE; Schema: public; Owner: neondb_owner
--

CREATE TABLE public.developer_appointments (
    id integer NOT NULL,
    user_id integer NOT NULL,
    property_id character varying(50) NOT NULL,
    developer_name character varying(200) NOT NULL,
    complex_name character varying(200) NOT NULL,
    appointment_date timestamp without time zone NOT NULL,
    appointment_time character varying(10) NOT NULL,
    status character varying(50),
    client_name character varying(200) NOT NULL,
    client_phone character varying(20) NOT NULL,
    notes text,
    created_at timestamp without time zone
);


ALTER TABLE public.developer_appointments OWNER TO neondb_owner;

--
-- Name: developer_appointments_id_seq; Type: SEQUENCE; Schema: public; Owner: neondb_owner
--

CREATE SEQUENCE public.developer_appointments_id_seq
    AS integer
    START WITH 1
    INCREMENT BY 1
    NO MINVALUE
    NO MAXVALUE
    CACHE 1;


ALTER SEQUENCE public.developer_appointments_id_seq OWNER TO neondb_owner;

--
-- Name: developer_appointments_id_seq; Type: SEQUENCE OWNED BY; Schema: public; Owner: neondb_owner
--

ALTER SEQUENCE public.developer_appointments_id_seq OWNED BY public.developer_appointments.id;


--
-- Name: developers; Type: TABLE; Schema: public; Owner: neondb_owner
--

CREATE TABLE public.developers (
    id integer NOT NULL,
    name character varying(100) NOT NULL,
    slug character varying(100) NOT NULL
);


ALTER TABLE public.developers OWNER TO neondb_owner;

--
-- Name: developers_id_seq; Type: SEQUENCE; Schema: public; Owner: neondb_owner
--

CREATE SEQUENCE public.developers_id_seq
    AS integer
    START WITH 1
    INCREMENT BY 1
    NO MINVALUE
    NO MAXVALUE
    CACHE 1;


ALTER SEQUENCE public.developers_id_seq OWNER TO neondb_owner;

--
-- Name: developers_id_seq; Type: SEQUENCE OWNED BY; Schema: public; Owner: neondb_owner
--

ALTER SEQUENCE public.developers_id_seq OWNED BY public.developers.id;


--
-- Name: districts; Type: TABLE; Schema: public; Owner: neondb_owner
--

CREATE TABLE public.districts (
    id integer NOT NULL,
    name character varying(100) NOT NULL,
    slug character varying(100) NOT NULL,
    description text,
    city_id integer DEFAULT 1,
    coordinates character varying(100),
    is_active boolean DEFAULT true,
    latitude numeric(10,8),
    longitude numeric(11,8),
    created_at timestamp without time zone DEFAULT now(),
    updated_at timestamp without time zone DEFAULT now()
);


ALTER TABLE public.districts OWNER TO neondb_owner;

--
-- Name: districts_id_seq; Type: SEQUENCE; Schema: public; Owner: neondb_owner
--

CREATE SEQUENCE public.districts_id_seq
    AS integer
    START WITH 1
    INCREMENT BY 1
    NO MINVALUE
    NO MAXVALUE
    CACHE 1;


ALTER SEQUENCE public.districts_id_seq OWNER TO neondb_owner;

--
-- Name: districts_id_seq; Type: SEQUENCE OWNED BY; Schema: public; Owner: neondb_owner
--

ALTER SEQUENCE public.districts_id_seq OWNED BY public.districts.id;


--
-- Name: documents; Type: TABLE; Schema: public; Owner: neondb_owner
--

CREATE TABLE public.documents (
    id integer NOT NULL,
    user_id integer NOT NULL,
    filename character varying(200) NOT NULL,
    original_filename character varying(200) NOT NULL,
    file_type character varying(50) NOT NULL,
    file_size integer NOT NULL,
    file_path character varying(500) NOT NULL,
    document_type character varying(100),
    status character varying(50),
    reviewed_at timestamp without time zone,
    reviewer_notes text,
    reviewed_by_manager_id integer,
    created_at timestamp without time zone,
    updated_at timestamp without time zone
);


ALTER TABLE public.documents OWNER TO neondb_owner;

--
-- Name: documents_id_seq; Type: SEQUENCE; Schema: public; Owner: neondb_owner
--

CREATE SEQUENCE public.documents_id_seq
    AS integer
    START WITH 1
    INCREMENT BY 1
    NO MINVALUE
    NO MAXVALUE
    CACHE 1;


ALTER SEQUENCE public.documents_id_seq OWNER TO neondb_owner;

--
-- Name: documents_id_seq; Type: SEQUENCE OWNED BY; Schema: public; Owner: neondb_owner
--

ALTER SEQUENCE public.documents_id_seq OWNED BY public.documents.id;


--
-- Name: favorite_properties; Type: TABLE; Schema: public; Owner: neondb_owner
--

CREATE TABLE public.favorite_properties (
    id integer NOT NULL,
    user_id integer NOT NULL,
    property_id character varying(50),
    property_name character varying(200),
    property_type character varying(50),
    property_size double precision,
    property_price integer,
    complex_name character varying(200),
    developer_name character varying(200),
    property_image character varying(500),
    property_url character varying(500),
    cashback_amount integer,
    cashback_percent double precision,
    created_at timestamp without time zone
);


ALTER TABLE public.favorite_properties OWNER TO neondb_owner;

--
-- Name: favorite_properties_id_seq; Type: SEQUENCE; Schema: public; Owner: neondb_owner
--

CREATE SEQUENCE public.favorite_properties_id_seq
    AS integer
    START WITH 1
    INCREMENT BY 1
    NO MINVALUE
    NO MAXVALUE
    CACHE 1;


ALTER SEQUENCE public.favorite_properties_id_seq OWNER TO neondb_owner;

--
-- Name: favorite_properties_id_seq; Type: SEQUENCE OWNED BY; Schema: public; Owner: neondb_owner
--

ALTER SEQUENCE public.favorite_properties_id_seq OWNED BY public.favorite_properties.id;


--
-- Name: favorites; Type: TABLE; Schema: public; Owner: neondb_owner
--

CREATE TABLE public.favorites (
    id integer NOT NULL,
    user_id integer NOT NULL,
    property_id integer NOT NULL,
    created_at timestamp without time zone
);


ALTER TABLE public.favorites OWNER TO neondb_owner;

--
-- Name: favorites_id_seq; Type: SEQUENCE; Schema: public; Owner: neondb_owner
--

CREATE SEQUENCE public.favorites_id_seq
    AS integer
    START WITH 1
    INCREMENT BY 1
    NO MINVALUE
    NO MAXVALUE
    CACHE 1;


ALTER SEQUENCE public.favorites_id_seq OWNER TO neondb_owner;

--
-- Name: favorites_id_seq; Type: SEQUENCE OWNED BY; Schema: public; Owner: neondb_owner
--

ALTER SEQUENCE public.favorites_id_seq OWNED BY public.favorites.id;


--
-- Name: manager_saved_searches; Type: TABLE; Schema: public; Owner: neondb_owner
--

CREATE TABLE public.manager_saved_searches (
    id integer NOT NULL,
    manager_id integer NOT NULL,
    name character varying(100) NOT NULL,
    description text,
    search_type character varying(20),
    location character varying(200),
    property_type character varying(50),
    price_min integer,
    price_max integer,
    size_min double precision,
    size_max double precision,
    developer character varying(200),
    complex_name character varying(200),
    floor_min integer,
    floor_max integer,
    cashback_min integer,
    additional_filters text,
    is_template boolean,
    usage_count integer,
    created_at timestamp without time zone,
    updated_at timestamp without time zone,
    last_used timestamp without time zone
);


ALTER TABLE public.manager_saved_searches OWNER TO neondb_owner;

--
-- Name: manager_saved_searches_id_seq; Type: SEQUENCE; Schema: public; Owner: neondb_owner
--

CREATE SEQUENCE public.manager_saved_searches_id_seq
    AS integer
    START WITH 1
    INCREMENT BY 1
    NO MINVALUE
    NO MAXVALUE
    CACHE 1;


ALTER SEQUENCE public.manager_saved_searches_id_seq OWNER TO neondb_owner;

--
-- Name: manager_saved_searches_id_seq; Type: SEQUENCE OWNED BY; Schema: public; Owner: neondb_owner
--

ALTER SEQUENCE public.manager_saved_searches_id_seq OWNED BY public.manager_saved_searches.id;


--
-- Name: managers; Type: TABLE; Schema: public; Owner: neondb_owner
--

CREATE TABLE public.managers (
    id integer NOT NULL,
    email character varying(120) NOT NULL,
    password_hash character varying(256) NOT NULL,
    first_name character varying(50) NOT NULL,
    last_name character varying(50) NOT NULL,
    phone character varying(20),
    "position" character varying(50),
    can_approve_cashback boolean,
    can_manage_documents boolean,
    can_create_collections boolean,
    max_cashback_approval integer,
    is_active boolean,
    profile_image character varying(200),
    manager_id character varying(20) NOT NULL,
    created_at timestamp without time zone,
    updated_at timestamp without time zone,
    last_login timestamp without time zone
);


ALTER TABLE public.managers OWNER TO neondb_owner;

--
-- Name: managers_id_seq; Type: SEQUENCE; Schema: public; Owner: neondb_owner
--

CREATE SEQUENCE public.managers_id_seq
    AS integer
    START WITH 1
    INCREMENT BY 1
    NO MINVALUE
    NO MAXVALUE
    CACHE 1;


ALTER SEQUENCE public.managers_id_seq OWNER TO neondb_owner;

--
-- Name: managers_id_seq; Type: SEQUENCE OWNED BY; Schema: public; Owner: neondb_owner
--

ALTER SEQUENCE public.managers_id_seq OWNED BY public.managers.id;


--
-- Name: notifications; Type: TABLE; Schema: public; Owner: neondb_owner
--

CREATE TABLE public.notifications (
    id integer NOT NULL,
    user_id integer NOT NULL,
    title character varying(200) NOT NULL,
    message text NOT NULL,
    type character varying(50),
    icon character varying(50),
    is_read boolean,
    created_at timestamp without time zone
);


ALTER TABLE public.notifications OWNER TO neondb_owner;

--
-- Name: notifications_id_seq; Type: SEQUENCE; Schema: public; Owner: neondb_owner
--

CREATE SEQUENCE public.notifications_id_seq
    AS integer
    START WITH 1
    INCREMENT BY 1
    NO MINVALUE
    NO MAXVALUE
    CACHE 1;


ALTER SEQUENCE public.notifications_id_seq OWNER TO neondb_owner;

--
-- Name: notifications_id_seq; Type: SEQUENCE OWNED BY; Schema: public; Owner: neondb_owner
--

ALTER SEQUENCE public.notifications_id_seq OWNED BY public.notifications.id;


--
-- Name: recommendation_categories; Type: TABLE; Schema: public; Owner: neondb_owner
--

CREATE TABLE public.recommendation_categories (
    id integer NOT NULL,
    name character varying(255) NOT NULL,
    description text,
    manager_id integer NOT NULL,
    client_id integer NOT NULL,
    color character varying(20),
    is_active boolean,
    recommendations_count integer,
    last_used timestamp without time zone,
    created_at timestamp without time zone,
    updated_at timestamp without time zone
);


ALTER TABLE public.recommendation_categories OWNER TO neondb_owner;

--
-- Name: recommendation_categories_id_seq; Type: SEQUENCE; Schema: public; Owner: neondb_owner
--

CREATE SEQUENCE public.recommendation_categories_id_seq
    AS integer
    START WITH 1
    INCREMENT BY 1
    NO MINVALUE
    NO MAXVALUE
    CACHE 1;


ALTER SEQUENCE public.recommendation_categories_id_seq OWNER TO neondb_owner;

--
-- Name: recommendation_categories_id_seq; Type: SEQUENCE OWNED BY; Schema: public; Owner: neondb_owner
--

ALTER SEQUENCE public.recommendation_categories_id_seq OWNED BY public.recommendation_categories.id;


--
-- Name: recommendation_templates; Type: TABLE; Schema: public; Owner: neondb_owner
--

CREATE TABLE public.recommendation_templates (
    id integer NOT NULL,
    manager_id integer NOT NULL,
    name character varying(255) NOT NULL,
    description text,
    recommendation_type character varying(20) NOT NULL,
    default_title character varying(255),
    default_description text,
    default_notes text,
    default_highlighted_features text,
    default_priority character varying(20),
    is_active boolean,
    usage_count integer,
    created_at timestamp without time zone,
    updated_at timestamp without time zone,
    last_used timestamp without time zone
);


ALTER TABLE public.recommendation_templates OWNER TO neondb_owner;

--
-- Name: recommendation_templates_id_seq; Type: SEQUENCE; Schema: public; Owner: neondb_owner
--

CREATE SEQUENCE public.recommendation_templates_id_seq
    AS integer
    START WITH 1
    INCREMENT BY 1
    NO MINVALUE
    NO MAXVALUE
    CACHE 1;


ALTER SEQUENCE public.recommendation_templates_id_seq OWNER TO neondb_owner;

--
-- Name: recommendation_templates_id_seq; Type: SEQUENCE OWNED BY; Schema: public; Owner: neondb_owner
--

ALTER SEQUENCE public.recommendation_templates_id_seq OWNED BY public.recommendation_templates.id;


--
-- Name: recommendations; Type: TABLE; Schema: public; Owner: neondb_owner
--

CREATE TABLE public.recommendations (
    id integer NOT NULL,
    manager_id integer NOT NULL,
    client_id integer NOT NULL,
    category_id integer,
    title character varying(255) NOT NULL,
    description text,
    recommendation_type character varying(20) NOT NULL,
    item_id character varying(100) NOT NULL,
    item_name character varying(255) NOT NULL,
    item_data text,
    manager_notes text,
    highlighted_features text,
    priority_level character varying(20),
    status character varying(20),
    viewed_at timestamp without time zone,
    responded_at timestamp without time zone,
    client_response character varying(20),
    client_notes text,
    viewing_requested boolean,
    viewing_scheduled_at timestamp without time zone,
    created_at timestamp without time zone,
    sent_at timestamp without time zone,
    expires_at timestamp without time zone,
    user_id integer,
    property_id character varying(255),
    created_by_manager_id integer,
    recommendation_reason text,
    updated_at timestamp without time zone DEFAULT now()
);


ALTER TABLE public.recommendations OWNER TO neondb_owner;

--
-- Name: recommendations_id_seq; Type: SEQUENCE; Schema: public; Owner: neondb_owner
--

CREATE SEQUENCE public.recommendations_id_seq
    AS integer
    START WITH 1
    INCREMENT BY 1
    NO MINVALUE
    NO MAXVALUE
    CACHE 1;


ALTER SEQUENCE public.recommendations_id_seq OWNER TO neondb_owner;

--
-- Name: recommendations_id_seq; Type: SEQUENCE OWNED BY; Schema: public; Owner: neondb_owner
--

ALTER SEQUENCE public.recommendations_id_seq OWNED BY public.recommendations.id;


--
-- Name: residential_complexes; Type: TABLE; Schema: public; Owner: neondb_owner
--

CREATE TABLE public.residential_complexes (
    id integer NOT NULL,
    name character varying(100) NOT NULL,
    slug character varying(100) NOT NULL,
    district_id integer,
    developer_id integer,
    description text,
    short_description text,
    street_id integer,
    address character varying(500),
    property_class character varying(100),
    building_type character varying(100),
    total_buildings integer DEFAULT 0,
    total_floors integer DEFAULT 0,
    total_apartments integer DEFAULT 0,
    construction_status character varying(50),
    construction_year integer,
    delivery_quarter character varying(50),
    latitude numeric(10,8),
    longitude numeric(11,8),
    min_price bigint DEFAULT 0,
    max_price bigint DEFAULT 0,
    price_per_sqm integer DEFAULT 0,
    parking boolean DEFAULT false,
    playground boolean DEFAULT false,
    security boolean DEFAULT false,
    concierge boolean DEFAULT false,
    gym boolean DEFAULT false,
    kindergarten boolean DEFAULT false,
    metro_distance integer,
    school_distance integer,
    hospital_distance integer,
    gallery text,
    main_image character varying(500),
    video_url character varying(500),
    mortgage_available boolean DEFAULT true,
    family_mortgage boolean DEFAULT false,
    it_mortgage boolean DEFAULT false,
    preferential_mortgage boolean DEFAULT false,
    meta_title character varying(200),
    meta_description character varying(500),
    is_active boolean DEFAULT true,
    is_featured boolean DEFAULT false,
    views integer DEFAULT 0,
    created_at timestamp without time zone DEFAULT now(),
    updated_at timestamp without time zone DEFAULT now()
);


ALTER TABLE public.residential_complexes OWNER TO neondb_owner;

--
-- Name: residential_complexes_id_seq; Type: SEQUENCE; Schema: public; Owner: neondb_owner
--

CREATE SEQUENCE public.residential_complexes_id_seq
    AS integer
    START WITH 1
    INCREMENT BY 1
    NO MINVALUE
    NO MAXVALUE
    CACHE 1;


ALTER SEQUENCE public.residential_complexes_id_seq OWNER TO neondb_owner;

--
-- Name: residential_complexes_id_seq; Type: SEQUENCE OWNED BY; Schema: public; Owner: neondb_owner
--

ALTER SEQUENCE public.residential_complexes_id_seq OWNED BY public.residential_complexes.id;


--
-- Name: room_types; Type: TABLE; Schema: public; Owner: neondb_owner
--

CREATE TABLE public.room_types (
    id integer NOT NULL,
    name character varying(50) NOT NULL,
    rooms_count integer
);


ALTER TABLE public.room_types OWNER TO neondb_owner;

--
-- Name: room_types_id_seq; Type: SEQUENCE; Schema: public; Owner: neondb_owner
--

CREATE SEQUENCE public.room_types_id_seq
    AS integer
    START WITH 1
    INCREMENT BY 1
    NO MINVALUE
    NO MAXVALUE
    CACHE 1;


ALTER SEQUENCE public.room_types_id_seq OWNER TO neondb_owner;

--
-- Name: room_types_id_seq; Type: SEQUENCE OWNED BY; Schema: public; Owner: neondb_owner
--

ALTER SEQUENCE public.room_types_id_seq OWNED BY public.room_types.id;


--
-- Name: saved_searches; Type: TABLE; Schema: public; Owner: neondb_owner
--

CREATE TABLE public.saved_searches (
    id integer NOT NULL,
    user_id integer NOT NULL,
    name character varying(100) NOT NULL,
    description text,
    search_type character varying(20),
    location character varying(200),
    property_type character varying(50),
    price_min integer,
    price_max integer,
    size_min double precision,
    size_max double precision,
    developer character varying(200),
    complex_name character varying(200),
    floor_min integer,
    floor_max integer,
    cashback_min integer,
    additional_filters text,
    notify_new_matches boolean,
    last_notification_sent timestamp without time zone,
    created_from_quiz boolean,
    created_at timestamp without time zone,
    updated_at timestamp without time zone,
    last_used timestamp without time zone,
    search_name character varying(255),
    search_criteria text,
    email_notifications boolean DEFAULT true,
    telegram_notifications boolean DEFAULT false,
    is_active boolean DEFAULT true,
    last_checked timestamp without time zone
);


ALTER TABLE public.saved_searches OWNER TO neondb_owner;

--
-- Name: saved_searches_id_seq; Type: SEQUENCE; Schema: public; Owner: neondb_owner
--

CREATE SEQUENCE public.saved_searches_id_seq
    AS integer
    START WITH 1
    INCREMENT BY 1
    NO MINVALUE
    NO MAXVALUE
    CACHE 1;


ALTER SEQUENCE public.saved_searches_id_seq OWNER TO neondb_owner;

--
-- Name: saved_searches_id_seq; Type: SEQUENCE OWNED BY; Schema: public; Owner: neondb_owner
--

ALTER SEQUENCE public.saved_searches_id_seq OWNED BY public.saved_searches.id;


--
-- Name: search_categories; Type: TABLE; Schema: public; Owner: neondb_owner
--

CREATE TABLE public.search_categories (
    id integer NOT NULL,
    name character varying(100) NOT NULL,
    category_type character varying(50) NOT NULL,
    slug character varying(100) NOT NULL,
    created_at timestamp without time zone
);


ALTER TABLE public.search_categories OWNER TO neondb_owner;

--
-- Name: search_categories_id_seq; Type: SEQUENCE; Schema: public; Owner: neondb_owner
--

CREATE SEQUENCE public.search_categories_id_seq
    AS integer
    START WITH 1
    INCREMENT BY 1
    NO MINVALUE
    NO MAXVALUE
    CACHE 1;


ALTER SEQUENCE public.search_categories_id_seq OWNER TO neondb_owner;

--
-- Name: search_categories_id_seq; Type: SEQUENCE OWNED BY; Schema: public; Owner: neondb_owner
--

ALTER SEQUENCE public.search_categories_id_seq OWNED BY public.search_categories.id;


--
-- Name: sent_searches; Type: TABLE; Schema: public; Owner: neondb_owner
--

CREATE TABLE public.sent_searches (
    id integer NOT NULL,
    manager_id integer NOT NULL,
    client_id integer NOT NULL,
    manager_search_id integer,
    name character varying(100) NOT NULL,
    description text,
    additional_filters text,
    status character varying(20),
    viewed_at timestamp without time zone,
    applied_at timestamp without time zone,
    expires_at timestamp without time zone,
    sent_at timestamp without time zone
);


ALTER TABLE public.sent_searches OWNER TO neondb_owner;

--
-- Name: sent_searches_id_seq; Type: SEQUENCE; Schema: public; Owner: neondb_owner
--

CREATE SEQUENCE public.sent_searches_id_seq
    AS integer
    START WITH 1
    INCREMENT BY 1
    NO MINVALUE
    NO MAXVALUE
    CACHE 1;


ALTER SEQUENCE public.sent_searches_id_seq OWNER TO neondb_owner;

--
-- Name: sent_searches_id_seq; Type: SEQUENCE OWNED BY; Schema: public; Owner: neondb_owner
--

ALTER SEQUENCE public.sent_searches_id_seq OWNED BY public.sent_searches.id;


--
-- Name: streets; Type: TABLE; Schema: public; Owner: neondb_owner
--

CREATE TABLE public.streets (
    id integer NOT NULL,
    name character varying(100) NOT NULL,
    slug character varying(100) NOT NULL,
    district_id integer
);


ALTER TABLE public.streets OWNER TO neondb_owner;

--
-- Name: streets_id_seq; Type: SEQUENCE; Schema: public; Owner: neondb_owner
--

CREATE SEQUENCE public.streets_id_seq
    AS integer
    START WITH 1
    INCREMENT BY 1
    NO MINVALUE
    NO MAXVALUE
    CACHE 1;


ALTER SEQUENCE public.streets_id_seq OWNER TO neondb_owner;

--
-- Name: streets_id_seq; Type: SEQUENCE OWNED BY; Schema: public; Owner: neondb_owner
--

ALTER SEQUENCE public.streets_id_seq OWNED BY public.streets.id;


--
-- Name: user_notifications; Type: TABLE; Schema: public; Owner: neondb_owner
--

CREATE TABLE public.user_notifications (
    id integer NOT NULL,
    user_id integer NOT NULL,
    title character varying(200) NOT NULL,
    message text NOT NULL,
    notification_type character varying(50),
    icon character varying(50),
    is_read boolean,
    action_url character varying(500),
    created_at timestamp without time zone,
    read_at timestamp without time zone
);


ALTER TABLE public.user_notifications OWNER TO neondb_owner;

--
-- Name: user_notifications_id_seq; Type: SEQUENCE; Schema: public; Owner: neondb_owner
--

CREATE SEQUENCE public.user_notifications_id_seq
    AS integer
    START WITH 1
    INCREMENT BY 1
    NO MINVALUE
    NO MAXVALUE
    CACHE 1;


ALTER SEQUENCE public.user_notifications_id_seq OWNER TO neondb_owner;

--
-- Name: user_notifications_id_seq; Type: SEQUENCE OWNED BY; Schema: public; Owner: neondb_owner
--

ALTER SEQUENCE public.user_notifications_id_seq OWNED BY public.user_notifications.id;


--
-- Name: users; Type: TABLE; Schema: public; Owner: neondb_owner
--

CREATE TABLE public.users (
    id integer NOT NULL,
    email character varying(120) NOT NULL,
    phone character varying(20),
    telegram_id character varying(50),
    full_name character varying(100) NOT NULL,
    password_hash character varying(256),
    preferred_contact character varying(20),
    email_notifications boolean,
    telegram_notifications boolean,
    notify_recommendations boolean,
    notify_saved_searches boolean,
    notify_applications boolean,
    notify_cashback boolean,
    notify_marketing boolean,
    profile_image character varying(200),
    user_id character varying(20) NOT NULL,
    role character varying(20),
    is_active boolean,
    is_verified boolean,
    verification_token character varying(100),
    is_demo boolean,
    verified boolean,
    registration_source character varying(50),
    client_notes text,
    assigned_manager_id integer,
    client_status character varying(50),
    preferred_district character varying(100),
    property_type character varying(50),
    room_count character varying(20),
    budget_range character varying(50),
    quiz_completed boolean,
    created_at timestamp without time zone,
    updated_at timestamp without time zone,
    last_login timestamp without time zone
);


ALTER TABLE public.users OWNER TO neondb_owner;

--
-- Name: users_id_seq; Type: SEQUENCE; Schema: public; Owner: neondb_owner
--

CREATE SEQUENCE public.users_id_seq
    AS integer
    START WITH 1
    INCREMENT BY 1
    NO MINVALUE
    NO MAXVALUE
    CACHE 1;


ALTER SEQUENCE public.users_id_seq OWNER TO neondb_owner;

--
-- Name: users_id_seq; Type: SEQUENCE OWNED BY; Schema: public; Owner: neondb_owner
--

ALTER SEQUENCE public.users_id_seq OWNED BY public.users.id;


--
-- Name: admins id; Type: DEFAULT; Schema: public; Owner: neondb_owner
--

ALTER TABLE ONLY public.admins ALTER COLUMN id SET DEFAULT nextval('public.admins_id_seq'::regclass);


--
-- Name: applications id; Type: DEFAULT; Schema: public; Owner: neondb_owner
--

ALTER TABLE ONLY public.applications ALTER COLUMN id SET DEFAULT nextval('public.applications_id_seq'::regclass);


--
-- Name: blog_articles id; Type: DEFAULT; Schema: public; Owner: neondb_owner
--

ALTER TABLE ONLY public.blog_articles ALTER COLUMN id SET DEFAULT nextval('public.blog_articles_id_seq'::regclass);


--
-- Name: blog_categories id; Type: DEFAULT; Schema: public; Owner: neondb_owner
--

ALTER TABLE ONLY public.blog_categories ALTER COLUMN id SET DEFAULT nextval('public.blog_categories_id_seq'::regclass);


--
-- Name: blog_comments id; Type: DEFAULT; Schema: public; Owner: neondb_owner
--

ALTER TABLE ONLY public.blog_comments ALTER COLUMN id SET DEFAULT nextval('public.blog_comments_id_seq'::regclass);


--
-- Name: blog_posts id; Type: DEFAULT; Schema: public; Owner: neondb_owner
--

ALTER TABLE ONLY public.blog_posts ALTER COLUMN id SET DEFAULT nextval('public.blog_posts_id_seq'::regclass);


--
-- Name: blog_tags id; Type: DEFAULT; Schema: public; Owner: neondb_owner
--

ALTER TABLE ONLY public.blog_tags ALTER COLUMN id SET DEFAULT nextval('public.blog_tags_id_seq'::regclass);


--
-- Name: callback_requests id; Type: DEFAULT; Schema: public; Owner: neondb_owner
--

ALTER TABLE ONLY public.callback_requests ALTER COLUMN id SET DEFAULT nextval('public.callback_requests_id_seq'::regclass);


--
-- Name: cashback_applications id; Type: DEFAULT; Schema: public; Owner: neondb_owner
--

ALTER TABLE ONLY public.cashback_applications ALTER COLUMN id SET DEFAULT nextval('public.cashback_applications_id_seq'::regclass);


--
-- Name: cashback_payouts id; Type: DEFAULT; Schema: public; Owner: neondb_owner
--

ALTER TABLE ONLY public.cashback_payouts ALTER COLUMN id SET DEFAULT nextval('public.cashback_payouts_id_seq'::regclass);


--
-- Name: cashback_records id; Type: DEFAULT; Schema: public; Owner: neondb_owner
--

ALTER TABLE ONLY public.cashback_records ALTER COLUMN id SET DEFAULT nextval('public.cashback_records_id_seq'::regclass);


--
-- Name: cities id; Type: DEFAULT; Schema: public; Owner: neondb_owner
--

ALTER TABLE ONLY public.cities ALTER COLUMN id SET DEFAULT nextval('public.cities_id_seq'::regclass);


--
-- Name: client_property_recommendations id; Type: DEFAULT; Schema: public; Owner: neondb_owner
--

ALTER TABLE ONLY public.client_property_recommendations ALTER COLUMN id SET DEFAULT nextval('public.client_property_recommendations_id_seq'::regclass);


--
-- Name: collection_properties id; Type: DEFAULT; Schema: public; Owner: neondb_owner
--

ALTER TABLE ONLY public.collection_properties ALTER COLUMN id SET DEFAULT nextval('public.collection_properties_id_seq'::regclass);


--
-- Name: collections id; Type: DEFAULT; Schema: public; Owner: neondb_owner
--

ALTER TABLE ONLY public.collections ALTER COLUMN id SET DEFAULT nextval('public.collections_id_seq'::regclass);


--
-- Name: developer_appointments id; Type: DEFAULT; Schema: public; Owner: neondb_owner
--

ALTER TABLE ONLY public.developer_appointments ALTER COLUMN id SET DEFAULT nextval('public.developer_appointments_id_seq'::regclass);


--
-- Name: developers id; Type: DEFAULT; Schema: public; Owner: neondb_owner
--

ALTER TABLE ONLY public.developers ALTER COLUMN id SET DEFAULT nextval('public.developers_id_seq'::regclass);


--
-- Name: districts id; Type: DEFAULT; Schema: public; Owner: neondb_owner
--

ALTER TABLE ONLY public.districts ALTER COLUMN id SET DEFAULT nextval('public.districts_id_seq'::regclass);


--
-- Name: documents id; Type: DEFAULT; Schema: public; Owner: neondb_owner
--

ALTER TABLE ONLY public.documents ALTER COLUMN id SET DEFAULT nextval('public.documents_id_seq'::regclass);


--
-- Name: favorite_properties id; Type: DEFAULT; Schema: public; Owner: neondb_owner
--

ALTER TABLE ONLY public.favorite_properties ALTER COLUMN id SET DEFAULT nextval('public.favorite_properties_id_seq'::regclass);


--
-- Name: favorites id; Type: DEFAULT; Schema: public; Owner: neondb_owner
--

ALTER TABLE ONLY public.favorites ALTER COLUMN id SET DEFAULT nextval('public.favorites_id_seq'::regclass);


--
-- Name: manager_saved_searches id; Type: DEFAULT; Schema: public; Owner: neondb_owner
--

ALTER TABLE ONLY public.manager_saved_searches ALTER COLUMN id SET DEFAULT nextval('public.manager_saved_searches_id_seq'::regclass);


--
-- Name: managers id; Type: DEFAULT; Schema: public; Owner: neondb_owner
--

ALTER TABLE ONLY public.managers ALTER COLUMN id SET DEFAULT nextval('public.managers_id_seq'::regclass);


--
-- Name: notifications id; Type: DEFAULT; Schema: public; Owner: neondb_owner
--

ALTER TABLE ONLY public.notifications ALTER COLUMN id SET DEFAULT nextval('public.notifications_id_seq'::regclass);


--
-- Name: recommendation_categories id; Type: DEFAULT; Schema: public; Owner: neondb_owner
--

ALTER TABLE ONLY public.recommendation_categories ALTER COLUMN id SET DEFAULT nextval('public.recommendation_categories_id_seq'::regclass);


--
-- Name: recommendation_templates id; Type: DEFAULT; Schema: public; Owner: neondb_owner
--

ALTER TABLE ONLY public.recommendation_templates ALTER COLUMN id SET DEFAULT nextval('public.recommendation_templates_id_seq'::regclass);


--
-- Name: recommendations id; Type: DEFAULT; Schema: public; Owner: neondb_owner
--

ALTER TABLE ONLY public.recommendations ALTER COLUMN id SET DEFAULT nextval('public.recommendations_id_seq'::regclass);


--
-- Name: residential_complexes id; Type: DEFAULT; Schema: public; Owner: neondb_owner
--

ALTER TABLE ONLY public.residential_complexes ALTER COLUMN id SET DEFAULT nextval('public.residential_complexes_id_seq'::regclass);


--
-- Name: room_types id; Type: DEFAULT; Schema: public; Owner: neondb_owner
--

ALTER TABLE ONLY public.room_types ALTER COLUMN id SET DEFAULT nextval('public.room_types_id_seq'::regclass);


--
-- Name: saved_searches id; Type: DEFAULT; Schema: public; Owner: neondb_owner
--

ALTER TABLE ONLY public.saved_searches ALTER COLUMN id SET DEFAULT nextval('public.saved_searches_id_seq'::regclass);


--
-- Name: search_categories id; Type: DEFAULT; Schema: public; Owner: neondb_owner
--

ALTER TABLE ONLY public.search_categories ALTER COLUMN id SET DEFAULT nextval('public.search_categories_id_seq'::regclass);


--
-- Name: sent_searches id; Type: DEFAULT; Schema: public; Owner: neondb_owner
--

ALTER TABLE ONLY public.sent_searches ALTER COLUMN id SET DEFAULT nextval('public.sent_searches_id_seq'::regclass);


--
-- Name: streets id; Type: DEFAULT; Schema: public; Owner: neondb_owner
--

ALTER TABLE ONLY public.streets ALTER COLUMN id SET DEFAULT nextval('public.streets_id_seq'::regclass);


--
-- Name: user_notifications id; Type: DEFAULT; Schema: public; Owner: neondb_owner
--

ALTER TABLE ONLY public.user_notifications ALTER COLUMN id SET DEFAULT nextval('public.user_notifications_id_seq'::regclass);


--
-- Name: users id; Type: DEFAULT; Schema: public; Owner: neondb_owner
--

ALTER TABLE ONLY public.users ALTER COLUMN id SET DEFAULT nextval('public.users_id_seq'::regclass);


--
-- Data for Name: admins; Type: TABLE DATA; Schema: public; Owner: neondb_owner
--

COPY public.admins (id, email, password_hash, full_name, admin_id, role, permissions, is_active, is_super_admin, profile_image, phone, created_at, updated_at, last_login) FROM stdin;
1	admin@inback.ru	scrypt:32768:8:1$JVCqHauCtXuI7no4$1ce6e42a1cbda23c0dda818f5df6247c3208931ffa0221ee645f5084daa99a591db021681cdb348c5d07386c3f9f77bbe6f97471efe5996c87fc60b6b12b2d0d	 	ADM89406111	super_admin	{"all": true}	t	f	https://randomuser.me/api/portraits/men/1.jpg	\N	2025-08-12 19:11:43.594249	2025-08-13 00:34:01.261443	2025-08-13 00:34:01.259939
\.


--
-- Data for Name: applications; Type: TABLE DATA; Schema: public; Owner: neondb_owner
--

COPY public.applications (id, user_id, property_id, property_name, complex_name, status, message, preferred_contact, created_at, updated_at, contact_name, contact_email, contact_phone) FROM stdin;
1	14	\N	 	 	new	   :\n: \n: \n: 2\n: 4-6 	email	2025-08-11 21:58:55.280646	2025-08-11 21:58:55.280649	\N	\N	\N
2	\N	\N	 	 	new	   :\n:  \nEmail: petr.smirnov@example.com\n: +7 (918) 777-88-99\n: \n: \n: 3\n: 5-7 	email	2025-08-12 18:36:27.349754	2025-08-12 18:36:27.349757	 	petr.smirnov@example.com	+7 (918) 777-88-99
3	\N	\N	 	 	new	   :\n: \nEmail: bithome@mail.ru\n: 8 (912) 391-23-33\n: \n: \n: 2\n: 5-8 	email	2025-08-12 18:40:52.249665	2025-08-12 18:40:52.249669		bithome@mail.ru	8 (912) 391-23-33
4	\N	\N	 	 	new	   :\n:  \nEmail: test.user@example.com\n: +7 (918) 555-99-88\n: \n: \n: 2\n: 4-6 	email	2025-08-12 18:43:15.237826	2025-08-12 18:43:15.23783	 	test.user@example.com	+7 (918) 555-99-88
\.


--
-- Data for Name: blog_article_tags; Type: TABLE DATA; Schema: public; Owner: neondb_owner
--

COPY public.blog_article_tags (article_id, tag_id) FROM stdin;
\.


--
-- Data for Name: blog_articles; Type: TABLE DATA; Schema: public; Owner: neondb_owner
--

COPY public.blog_articles (id, title, slug, excerpt, content, author_id, author_name, category_id, status, published_at, scheduled_at, meta_title, meta_description, meta_keywords, featured_image, featured_image_alt, is_featured, allow_comments, views_count, reading_time, created_at, updated_at, category) FROM stdin;
1			<p></p>	<h1><br><br></h1>\r\n<p><br><em></em></p>	1	\N	7	published	2025-08-12 19:25:50.600504	\N					\N	f	t	0	1	2025-08-12 19:25:50.6023	2025-08-12 19:25:50.602302	\N
2			<p></p>	<h1><br><br><br><br><br></h1>\r\n<p></p>	1	\N	2	published	2025-08-12 19:37:36.556582	\N	 	 			\N	t	t	0	1	2025-08-12 19:37:36.558346	2025-08-12 19:37:36.558347	\N
5	  123	test-123	 	   123	1	\N	1	published	\N	\N	\N	\N	\N	/static/uploads/components-charts-intro2x_1755036639.png	\N	\N	\N	9	\N	2025-08-12 22:53:43.138568	2025-08-12 22:55:07.012039	
\.


--
-- Data for Name: blog_categories; Type: TABLE DATA; Schema: public; Owner: neondb_owner
--

COPY public.blog_categories (id, name, slug, description, color, icon, meta_title, meta_description, sort_order, is_active, articles_count, views_count, created_at, updated_at) FROM stdin;
5	 	tips	    	orange	fas fa-lightbulb	\N	\N	5	t	1	0	2025-08-11 19:25:42.735161	2025-08-11 19:25:42.735161
8	 	-	  	blue	\N	\N	\N	0	t	0	0	2025-08-12 19:21:24.642429	2025-08-12 19:21:24.642433
9				blue	fas fa-folder	\N	\N	0	t	0	0	2025-08-12 19:24:18.603589	2025-08-12 19:24:18.603595
3		mortgage	   	purple	fas fa-home	\N	\N	3	t	1	0	2025-08-11 19:25:42.735161	2025-08-12 19:42:35.801967
4	  	developers	  	red	fas fa-building	\N	\N	4	t	0	0	2025-08-11 19:25:42.735161	2025-08-12 19:42:36.002124
6		investments	    	yellow	fas fa-chart-line	\N	\N	6	t	1	0	2025-08-11 19:25:42.735161	2025-08-12 19:42:36.306085
10			   	blue	\N	\N	\N	0	t	1	0	2025-08-12 19:34:28.463696	2025-08-12 19:42:36.807321
11			   	blue	\N	\N	\N	0	t	1	0	2025-08-12 19:34:28.463703	2025-08-12 20:04:57.675998
12	 	-	  	blue	\N	\N	\N	0	t	0	0	2025-08-12 21:57:49.985087	2025-08-12 21:57:49.985091
13	123333	123333	123333	blue	\N	\N	\N	0	t	1	0	2025-08-12 22:37:35.030717	2025-08-12 23:16:45.945831
1	 	market-news	   	blue	fas fa-newspaper	\N	\N	1	t	1	0	2025-08-11 19:25:42.735161	2025-08-12 19:42:35.601745
2	 	districts	  	green	fas fa-map-marker-alt	\N	\N	2	t	1	0	2025-08-11 19:25:42.735161	2025-08-12 19:42:37.206307
7		test	 	gray	fas fa-folder	\N	\N	7	t	1	0	2025-08-11 19:25:42.735161	2025-08-12 22:51:44.539529
\.


--
-- Data for Name: blog_comments; Type: TABLE DATA; Schema: public; Owner: neondb_owner
--

COPY public.blog_comments (id, article_id, author_name, author_email, author_website, user_id, content, status, ip_address, user_agent, parent_id, created_at, updated_at) FROM stdin;
\.


--
-- Data for Name: blog_posts; Type: TABLE DATA; Schema: public; Owner: neondb_owner
--

COPY public.blog_posts (id, title, slug, content, excerpt, meta_title, meta_description, meta_keywords, status, featured_image, category, tags, author_id, published_at, scheduled_for, views_count, likes_count, created_at, updated_at) FROM stdin;
4	  2024:   	ipotechnye-programmy-2024-lgoty-i-usloviya	    2024 .\n\n :\n-   5.5% \n-    \n-    20%\n\nIT-:\n-   5.0%   \n-  IT-\n-    15%\n\n :\n-    \n-  \n-    \n\n :\n-     \n-  \n-   	     ,   2024 	  2024:   	     ,   2024 	\N	published	/attached_assets/Screenshot_101_1754873881260.jpg		["", "", "2024"]	1	2025-08-12 19:19:17.119603	\N	0	0	2025-08-12 19:19:17.119611	2025-08-12 19:19:52.371541
5	   :  	investitsii-v-nedvizhimost-krasnodara-analitika-rynka	          .\n\n  :\n-   \n-     \n-  IT-\n-      \n\n :\n1.  -   \n2.  -   \n3.  -  \n\n :\n-     \n-   \n-     \n-     	    	   :  	    	\N	published	/attached_assets/Screenshot_102_1754876855770.jpg		["", "", ""]	1	2025-08-12 19:19:17.32618	\N	0	0	2025-08-12 19:19:17.326187	2025-08-12 19:19:52.371542
3	    :  	kak-vybrat-kvartiru-v-novostroyke-polnoe-rukovodstvo	        . \n            \n :\n1.   -    \n2.    -     \n3.  -    \n4.    \n5.     \n\n :\n-     \n-      \n-   \n\n :\n-       \n-    \n-   	           	    :  	           	\N	published	/attached_assets/Screenshot_100_1754873602744.jpg	 	["", "", ""]	1	2025-08-12 19:19:16.904686	\N	1	0	2025-08-12 19:19:16.904696	2025-08-12 22:52:47.660453
6	   :   	keshbek-pri-pokupke-nedvizhimosti-kak-poluchit-maksimum	    -   .\n\n :\n-   ( 1-3%  )\n-     \n-   \n-     \n\n  :\n1.    \n2.    \n3.   \n4.    -\n\n :\n-   \n-   \n-   \n\n :\n-    \n-    \n-    	       	   :   	       	\N	published	/attached_assets/Screenshot_104_1754918829200.jpg		["", "", ""]	1	2025-08-12 19:19:17.531338	\N	0	0	2025-08-12 19:19:17.531344	2025-08-12 19:19:52.371542
10	    	----	         	      	\N	\N	\N	published		 	, , 	1	2025-08-12 19:40:29.836905	\N	0	0	2025-08-12 19:40:29.838672	2025-08-12 19:40:29.838674
11	  	--	<p>   </p>	<p> </p>	  	 	\N	draft	/uploads/Screenshot_62_1755029158.png			1	2025-08-12 19:47:11.118292	\N	0	0	2025-08-12 19:47:11.120373	2025-08-12 20:06:01.88409
12	 	testovaya-statya	  	  	\N	\N	\N	draft	\N		\N	1	\N	\N	0	0	2025-08-12 21:58:01.764612	2025-08-12 21:58:01.764615
8	    	testovaya-statya-v-kategorii-test	        .	    	\N	\N	\N	published	\N		, 	1	2025-08-12 19:29:17.877043	\N	2	0	2025-08-12 19:29:17.982118	2025-08-12 19:46:33.74723
13	123	123	<p>123<img src="../../uploads/components-charts-intro2x_1755036639.png" alt="" style="max-width: 100%; height: auto;"></p>	123	123	123	123	published	https://images.unsplash.com/photo-1560472354-b33ff0c44a43?w=400&h=250&fit=crop		  	1	2025-08-12 22:13:18.340498	\N	24	0	2025-08-12 22:11:04.043595	2025-08-12 22:53:40.815791
9	  :    	obzor-rajonov-krasnodara	<p> -          .           .</p><h3> </h3><p>         .</p><h3> </h3><p>         .</p>	            .	\N	\N	\N	published	\N	 	, , , 	1	2025-08-12 19:39:31.807738	\N	1	0	2025-08-12 19:39:31.81034	2025-08-12 22:22:12.494365
14	123	123-1	<p>123</p>	123	123	123	123	published				1	2025-08-12 22:51:43.804984	\N	0	0	2025-08-12 22:51:43.804887	2025-08-12 22:51:43.806595
7	    2024 	tendentsii-rynka-nedvizhimosti-v-2024-godu	   2024    .\n\n :\n-    -\n-    \n-   \n-  smart-  \n\n :\n- :   \n- :   \n- :   \n\n  :\n-    (5-10%)\n-   \n-   \n-    \n\n :\n-    \n-   \n-     	       	    2024 	       	\N	published	/attached_assets/Screenshot_105_1754923069170.jpg		["", "", ""]	1	2025-08-12 19:19:17.734633	\N	1	0	2025-08-12 19:19:17.734641	2025-08-12 19:19:52.371545
15		ffff	<p></p>					published		123333		1	2025-08-12 23:16:45.210947	\N	1	0	2025-08-12 23:16:45.210863	2025-08-12 23:16:45.212505
\.


--
-- Data for Name: blog_tags; Type: TABLE DATA; Schema: public; Owner: neondb_owner
--

COPY public.blog_tags (id, name, slug, description, usage_count, created_at) FROM stdin;
\.


--
-- Data for Name: callback_requests; Type: TABLE DATA; Schema: public; Owner: neondb_owner
--

COPY public.callback_requests (id, name, phone, email, preferred_time, notes, interest, budget, timing, status, assigned_manager_id, manager_notes, created_at, processed_at) FROM stdin;
1	 	+7 (900) 123-45-67	test@example.com		   	  	3-5  	  		2	\N	2025-08-11 21:55:57.379475	\N
2	 	+7 (900) 123-45-67	test.client@example.com	 (9:00-12:00)	 2-   	  	4-6  	  		2	\N	2025-08-11 21:59:04.99879	\N
\.


--
-- Data for Name: cashback_applications; Type: TABLE DATA; Schema: public; Owner: neondb_owner
--

COPY public.cashback_applications (id, user_id, property_id, property_name, property_type, property_size, property_price, complex_name, developer_name, cashback_amount, cashback_percent, status, application_date, approved_date, payout_date, notes, approved_by_manager_id, manager_notes, created_at, updated_at) FROM stdin;
\.


--
-- Data for Name: cashback_payouts; Type: TABLE DATA; Schema: public; Owner: neondb_owner
--

COPY public.cashback_payouts (id, user_id, amount, status, payment_method, admin_notes, requested_at, processed_at) FROM stdin;
\.


--
-- Data for Name: cashback_records; Type: TABLE DATA; Schema: public; Owner: neondb_owner
--

COPY public.cashback_records (id, user_id, property_id, property_name, property_price, amount, percentage, status, created_at, approved_at, paid_at) FROM stdin;
\.


--
-- Data for Name: cities; Type: TABLE DATA; Schema: public; Owner: neondb_owner
--

COPY public.cities (id, name, slug, is_active, is_default, phone, email, address, latitude, longitude, zoom_level, description, meta_title, meta_description, created_at, updated_at) FROM stdin;
\.


--
-- Data for Name: client_property_recommendations; Type: TABLE DATA; Schema: public; Owner: neondb_owner
--

COPY public.client_property_recommendations (id, manager_id, client_id, search_id, message, sent_at, viewed_at) FROM stdin;
\.


--
-- Data for Name: collection_properties; Type: TABLE DATA; Schema: public; Owner: neondb_owner
--

COPY public.collection_properties (id, collection_id, property_id, property_name, property_price, complex_name, property_type, property_size, manager_note, order_index, created_at, added_at) FROM stdin;
1	1	coll_1_0	2- 	11602832	 	2	70	       .   .	\N	2025-08-10 21:32:12	2025-08-11 19:34:22.168825
2	1	coll_1_1	3- 	11280681	 	3	133	       .   .	\N	2025-08-10 21:32:12	2025-08-11 19:34:22.168825
3	1	coll_1_2	1- 	6708374	 	1	143	       .   .	\N	2025-08-10 21:32:12	2025-08-11 19:34:22.168825
4	1	coll_1_3	4- 	10225712	 	4	85	       .   .	\N	2025-08-10 21:32:12	2025-08-11 19:34:22.168825
5	1	coll_1_4	4- 	6133606	 	4	122	       .   .	\N	2025-08-10 21:32:12	2025-08-11 19:34:22.168825
6	1	coll_1_5	1- 	9985210	 	1	68	       .   .	\N	2025-08-10 21:32:12	2025-08-11 19:34:22.168825
7	2	coll_2_0	3- 	4192814	 	3	75	    :  .   .	\N	2025-08-10 21:32:12	2025-08-11 19:34:22.168825
8	2	coll_2_1	4- 	10273272	 	4	122	    :  .   .	\N	2025-08-10 21:32:12	2025-08-11 19:34:22.168825
9	2	coll_2_2	2- 	7343963	 	2	144	    :  .   .	\N	2025-08-10 21:32:12	2025-08-11 19:34:22.168825
10	2	coll_2_3	2- 	5701393	 	2	91	    :  .   .	\N	2025-08-10 21:32:12	2025-08-11 19:34:22.168825
11	2	coll_2_4	1- 	7434352	 	1	136	    :  .   .	\N	2025-08-10 21:32:12	2025-08-11 19:34:22.168825
12	2	coll_2_5	3- 	17953304	 	3	105	    :  .   .	\N	2025-08-10 21:32:12	2025-08-11 19:34:22.168825
13	2	coll_2_6	1- 	4591414	 	1	43	    :  .   .	\N	2025-08-10 21:32:12	2025-08-11 19:34:22.168825
14	2	coll_2_7	1- 	9716633	 	1	148	    :  .   .	\N	2025-08-10 21:32:12	2025-08-11 19:34:22.168825
15	3	coll_3_0	2- 	7010179	 	2	79	    :  .   .	\N	2025-08-10 21:32:12	2025-08-11 19:34:22.168825
16	3	coll_3_1	1- 	4594590	 	1	61	    :  .   .	\N	2025-08-10 21:32:12	2025-08-11 19:34:22.168825
17	3	coll_3_2	3- 	8953925	 	3	57	    :  .   .	\N	2025-08-10 21:32:12	2025-08-11 19:34:22.168825
18	4	coll_4_0	4- 	13116774	 	4	40	    :  .   .	\N	2025-08-10 21:32:13	2025-08-11 19:34:22.168825
19	4	coll_4_1	3- 	13062480	 	3	75	    :  .   .	\N	2025-08-10 21:32:13	2025-08-11 19:34:22.168825
20	4	coll_4_2	3- 	17348821	 	3	81	    :  .   .	\N	2025-08-10 21:32:13	2025-08-11 19:34:22.168825
21	4	coll_4_3	4- 	15573976	 	4	121	    :  .   .	\N	2025-08-10 21:32:13	2025-08-11 19:34:22.168825
22	4	coll_4_4	2- 	14573178	 	2	56	    :  .   .	\N	2025-08-10 21:32:13	2025-08-11 19:34:22.168825
23	4	coll_4_5	2- 	6710869	 	2	90	    :  .   .	\N	2025-08-10 21:32:13	2025-08-11 19:34:22.168825
24	4	coll_4_6	3- 	5802683	 	3	110	    :  .   .	\N	2025-08-10 21:32:13	2025-08-11 19:34:22.168825
25	4	coll_4_7	3- 	12981631	 	3	84	    :  .   .	\N	2025-08-10 21:32:13	2025-08-11 19:34:22.168825
26	5	coll_5_0	4- 	15838576	 	4	110	     1-:  .   .	\N	2025-08-10 21:32:13	2025-08-11 19:34:22.168825
27	5	coll_5_1	3- 	17469722	 	3	134	     1-:  .   .	\N	2025-08-10 21:32:13	2025-08-11 19:34:22.168825
28	5	coll_5_2	2- 	5339128	 	2	94	     1-:  .   .	\N	2025-08-10 21:32:13	2025-08-11 19:34:22.168825
29	5	coll_5_3	2- 	17023966	 	2	45	     1-:  .   .	\N	2025-08-10 21:32:13	2025-08-11 19:34:22.168825
30	5	coll_5_4	1- 	10122351	 	1	102	     1-:  .   .	\N	2025-08-10 21:32:13	2025-08-11 19:34:22.168825
31	5	coll_5_5	4- 	8844352	 	4	46	     1-:  .   .	\N	2025-08-10 21:32:13	2025-08-11 19:34:22.168825
\.


--
-- Data for Name: collections; Type: TABLE DATA; Schema: public; Owner: neondb_owner
--

COPY public.collections (id, title, description, created_by_manager_id, assigned_to_user_id, status, is_public, tags, created_at, updated_at, sent_at, viewed_at, name) FROM stdin;
1	    	 2-3        	1	2		f	\N	2025-08-05 21:32:12	\N	\N	\N	\N
2	 :  	          	1	5		t	\N	2025-08-05 21:32:12	\N	\N	\N	\N
3	 :  	        	1	3		t	\N	2025-08-05 21:32:12	\N	\N	\N	\N
4	 :  	       	1	4		f	\N	2025-07-27 21:32:13	\N	\N	\N	\N
5	  1-:  	,        	1	6		t	\N	2025-07-12 21:32:13	\N	\N	\N	\N
\.


--
-- Data for Name: developer_appointments; Type: TABLE DATA; Schema: public; Owner: neondb_owner
--

COPY public.developer_appointments (id, user_id, property_id, developer_name, complex_name, appointment_date, appointment_time, status, client_name, client_phone, notes, created_at) FROM stdin;
\.


--
-- Data for Name: developers; Type: TABLE DATA; Schema: public; Owner: neondb_owner
--

COPY public.developers (id, name, slug) FROM stdin;
1	 	default-developer
\.


--
-- Data for Name: districts; Type: TABLE DATA; Schema: public; Owner: neondb_owner
--

COPY public.districts (id, name, slug, description, city_id, coordinates, is_active, latitude, longitude, created_at, updated_at) FROM stdin;
1		karasunskiy	\N	1	\N	t	\N	\N	2025-08-11 19:25:13.628254	2025-08-11 19:25:13.628254
2		yubileynyy	\N	1	\N	t	\N	\N	2025-08-11 19:25:13.628254	2025-08-11 19:25:13.628254
3		zapadnyy	\N	1	\N	t	\N	\N	2025-08-11 19:25:13.628254	2025-08-11 19:25:13.628254
4		tsentralnyy	\N	1	\N	t	\N	\N	2025-08-11 19:25:13.628254	2025-08-11 19:25:13.628254
5	 	prikubanskiy-okrug	\N	1	\N	t	\N	\N	2025-08-11 19:25:13.628254	2025-08-11 19:25:13.628254
6		festivalnyy	\N	1	\N	t	\N	\N	2025-08-11 19:25:13.628254	2025-08-11 19:25:13.628254
7		komsomolskiy	\N	1	\N	t	\N	\N	2025-08-11 19:25:13.628254	2025-08-11 19:25:13.628254
8		prikubanskiy	\N	1	\N	t	\N	\N	2025-08-11 19:25:13.628254	2025-08-11 19:25:13.628254
\.


--
-- Data for Name: documents; Type: TABLE DATA; Schema: public; Owner: neondb_owner
--

COPY public.documents (id, user_id, filename, original_filename, file_type, file_size, file_path, document_type, status, reviewed_at, reviewer_notes, reviewed_by_manager_id, created_at, updated_at) FROM stdin;
\.


--
-- Data for Name: favorite_properties; Type: TABLE DATA; Schema: public; Owner: neondb_owner
--

COPY public.favorite_properties (id, user_id, property_id, property_name, property_type, property_size, property_price, complex_name, developer_name, property_image, property_url, cashback_amount, cashback_percent, created_at) FROM stdin;
1	2	fav_2_0	1- 	3.0	35.2	2850000	 -1	 	\N	\N	61655	\N	2025-08-10 21:30:56
2	2	fav_2_1	2- 	1.0	52.8	4200000	 -2	  	\N	\N	65402	\N	2025-08-10 21:30:56
3	2	fav_2_2	3- 	1.0	78.5	5890000	 -3	  	\N	\N	94847	\N	2025-08-10 21:30:56
4	2	fav_2_3	0- 	2.0	28.3	2450000	 -4	 	\N	\N	42374	\N	2025-08-10 21:30:57
5	2	fav_2_4	2- 	2.0	61.2	4750000	 -5	  	\N	\N	113378	\N	2025-08-10 21:30:57
6	2	fav_2_5	4- 	1.0	98.7	8950000	 -6	  	\N	\N	147415	\N	2025-08-10 21:30:57
7	5	fav_5_0	1- 	3.0	35.2	2850000	 -1	 	\N	\N	67972	\N	2025-08-10 21:30:57
8	5	fav_5_1	2- 	3.0	52.8	4200000	 -2	  	\N	\N	69760	\N	2025-08-10 21:30:57
9	5	fav_5_2	3- 	3.0	78.5	5890000	 -3	  	\N	\N	99816	\N	2025-08-10 21:30:57
10	5	fav_5_3	0- 	2.0	28.3	2450000	 -4	 	\N	\N	57524	\N	2025-08-10 21:30:57
11	5	fav_5_4	2- 	1.0	61.2	4750000	 -5	  	\N	\N	89701	\N	2025-08-10 21:30:57
12	3	fav_3_0	1- 	3.0	35.2	2850000	 -1	 	\N	\N	61807	\N	2025-08-10 21:30:57
13	3	fav_3_1	2- 	3.0	52.8	4200000	 -2	  	\N	\N	102707	\N	2025-08-10 21:30:57
14	3	fav_3_2	3- 	1.0	78.5	5890000	 -3	  	\N	\N	90158	\N	2025-08-10 21:30:57
15	3	fav_3_3	0- 	1.0	28.3	2450000	 -4	 	\N	\N	37072	\N	2025-08-10 21:30:57
16	3	fav_3_4	2- 	2.0	61.2	4750000	 -5	  	\N	\N	109013	\N	2025-08-10 21:30:57
17	3	fav_3_5	4- 	1.0	98.7	8950000	 -6	  	\N	\N	215999	\N	2025-08-10 21:30:57
18	3	fav_3_6	1- 	1.0	42.1	3150000	 -7	 	\N	\N	78157	\N	2025-08-10 21:30:58
19	4	fav_4_0	1- 	2.0	35.2	2850000	 -1	 	\N	\N	62912	\N	2025-08-10 21:30:58
20	4	fav_4_1	2- 	2.0	52.8	4200000	 -2	  	\N	\N	97821	\N	2025-08-10 21:30:58
21	4	fav_4_2	3- 	3.0	78.5	5890000	 -3	  	\N	\N	94452	\N	2025-08-10 21:30:58
22	4	fav_4_3	0- 	2.0	28.3	2450000	 -4	 	\N	\N	51737	\N	2025-08-10 21:30:58
23	2	fav_2_6	1- 	2.0	42.1	3150000	 -7	 	\N	\N	57502	\N	2025-08-10 21:31:48
24	5	fav_5_5	4- 	1.0	98.7	8950000	 -6	  	\N	\N	180185	\N	2025-08-10 21:31:49
25	4	fav_4_4	2- 	1.0	61.2	4750000	 -5	  	\N	\N	112388	\N	2025-08-10 21:32:08
26	4	fav_4_5	4- 	2.0	98.7	8950000	 -6	  	\N	\N	163683	\N	2025-08-10 21:32:08
27	4	fav_4_6	1- 	2.0	42.1	3150000	 -7	 	\N	\N	68879	\N	2025-08-10 21:32:08
28	2	52		2-	0	3130925			\N	\N	156546	\N	2025-08-10 22:44:26
\.


--
-- Data for Name: favorites; Type: TABLE DATA; Schema: public; Owner: neondb_owner
--

COPY public.favorites (id, user_id, property_id, created_at) FROM stdin;
\.


--
-- Data for Name: manager_saved_searches; Type: TABLE DATA; Schema: public; Owner: neondb_owner
--

COPY public.manager_saved_searches (id, manager_id, name, description, search_type, location, property_type, price_min, price_max, size_min, size_max, developer, complex_name, floor_min, floor_max, cashback_min, additional_filters, is_template, usage_count, created_at, updated_at, last_used) FROM stdin;
\.


--
-- Data for Name: managers; Type: TABLE DATA; Schema: public; Owner: neondb_owner
--

COPY public.managers (id, email, password_hash, first_name, last_name, phone, "position", can_approve_cashback, can_manage_documents, can_create_collections, max_cashback_approval, is_active, profile_image, manager_id, created_at, updated_at, last_login) FROM stdin;
2	manager2@inback.ru	scrypt:32768:8:1$IFd63Sugr9ETxqJh$5037b8cd882ea012f7a882fde228003b9f10e3b6d57c62f28d6d6c4342f43653e509bc07414205ed44e6c0804bd0c198c7b3154c0557551ebfef4bd1654acb78			+7 (999) 234-56-78	  	\N	\N	\N	\N	t	\N	anna_mgr	2025-08-11 19:25:42.735161	2025-08-11 21:53:04.242931	\N
1	manager@inback.ru	scrypt:32768:8:1$g8ISprLJeH77Uuv5$b878fda08b06bfbc240dfcc3fc983ebfe44c289552374309239ac9d65ee1f792553631f824c41ca4fa7cfebc83cb336e807de9809a15023cb3c5725a8567d687			+7 (999) 123-45-67	 	\N	\N	\N	\N	t	\N	stanislaw_mgr	2025-08-11 19:25:42.735161	2025-08-12 21:42:06.966967	2025-08-12 21:42:06.965408
\.


--
-- Data for Name: notifications; Type: TABLE DATA; Schema: public; Owner: neondb_owner
--

COPY public.notifications (id, user_id, title, message, type, icon, is_read, created_at) FROM stdin;
\.


--
-- Data for Name: recommendation_categories; Type: TABLE DATA; Schema: public; Owner: neondb_owner
--

COPY public.recommendation_categories (id, name, description, manager_id, client_id, color, is_active, recommendations_count, last_used, created_at, updated_at) FROM stdin;
\.


--
-- Data for Name: recommendation_templates; Type: TABLE DATA; Schema: public; Owner: neondb_owner
--

COPY public.recommendation_templates (id, manager_id, name, description, recommendation_type, default_title, default_description, default_notes, default_highlighted_features, default_priority, is_active, usage_count, created_at, updated_at, last_used) FROM stdin;
\.


--
-- Data for Name: recommendations; Type: TABLE DATA; Schema: public; Owner: neondb_owner
--

COPY public.recommendations (id, manager_id, client_id, category_id, title, description, recommendation_type, item_id, item_name, item_data, manager_notes, highlighted_features, priority_level, status, viewed_at, responded_at, client_response, client_notes, viewing_requested, viewing_scheduled_at, created_at, sent_at, expires_at, user_id, property_id, created_by_manager_id, recommendation_reason, updated_at) FROM stdin;
1	1	2	\N	:  52	123	property	52	 52	\N	\N	\N	\N	viewed	\N	\N	\N	\N	\N	\N	2025-08-10 21:34:16	2025-08-10 21:34:16	\N	\N	\N	\N	\N	2025-08-11 19:34:12.969348
2	1	2	\N	   	     .     .	property	1	   	\N	\N	\N	\N	viewed	\N	\N	\N	\N	\N	\N	2025-08-11 12:34:54	2025-08-11 12:34:54	\N	\N	\N	\N	\N	2025-08-11 19:34:12.969348
3	1	2	\N	   	           .	complex	1	  	\N	\N	\N	\N	viewed	\N	\N	\N	\N	\N	\N	2025-08-11 12:34:54	2025-08-11 12:34:54	\N	\N	\N	\N	\N	2025-08-11 19:34:12.969348
4	1	2	\N	 	       .	property	10	    	\N	\N	\N	\N	viewed	\N	\N	\N	\N	\N	\N	2025-08-11 12:34:54	2025-08-11 12:34:54	\N	\N	\N	\N	\N	2025-08-11 19:34:12.969348
6	1	14	\N	:  52	123	property	52	 52	\N	\N	\N	\N	sent	\N	\N	\N	\N	\N	\N	2025-08-11 15:59:40	2025-08-11 15:59:40	\N	\N	\N	\N	\N	2025-08-11 19:34:12.969348
7	1	14	\N	:  76	123333	property	76	 76	\N	\N	\N	\N	sent	\N	\N	\N	\N	\N	\N	2025-08-11 16:04:07	2025-08-11 16:04:07	\N	\N	\N	\N	\N	2025-08-11 19:34:12.969348
8	1	14	\N	:  2	5674	property	2	 2	\N	\N	\N	\N	sent	\N	\N	\N	\N	\N	\N	2025-08-11 16:09:36	2025-08-11 16:09:36	\N	\N	\N	\N	\N	2025-08-11 19:34:12.969348
9	1	14	\N	:  162		property	162	 162	\N	\N	\N	\N	sent	\N	\N	\N	\N	\N	\N	2025-08-11 16:22:36	2025-08-11 16:22:36	\N	\N	\N	\N	\N	2025-08-11 19:34:12.969348
10	1	14	\N	:  15	123	property	15	 15	\N	\N	\N	\N	sent	\N	\N	\N	\N	\N	\N	2025-08-11 16:27:52	2025-08-11 16:27:52	\N	\N	\N	\N	\N	2025-08-11 19:34:12.969348
11	1	14	\N	:  162	333	property	162	 162	\N	\N	\N	\N	sent	\N	\N	\N	\N	\N	\N	2025-08-11 16:34:38	2025-08-11 16:34:38	\N	\N	\N	\N	\N	2025-08-11 19:34:12.969348
12	1	14	\N	:  26	3333	property	26	 26	\N	\N	\N	\N	sent	\N	\N	\N	\N	\N	\N	2025-08-11 16:36:55	2025-08-11 16:36:55	\N	\N	\N	\N	\N	2025-08-11 19:34:12.969348
13	1	14	\N	:  26		property	26	 26	\N	\N	\N	\N	sent	\N	\N	\N	\N	\N	\N	2025-08-11 16:39:14	2025-08-11 16:39:14	\N	\N	\N	\N	\N	2025-08-11 19:34:12.969348
15	1	14	\N	  " "		complex	2	 	\N	\N	\N	\N	sent	\N	\N	\N	\N	\N	\N	2025-08-11 16:56:10	2025-08-11 16:56:10	\N	\N	\N	\N	\N	2025-08-11 19:34:12.969348
16	1	14	\N	:  52		property	52	 52	\N	\N	\N	\N	sent	\N	\N	\N	\N	\N	\N	2025-08-11 17:01:30	2025-08-11 17:01:30	\N	\N	\N	\N	\N	2025-08-11 19:34:12.969348
5	1	2	\N	:  52		property	52	 52	\N	\N	\N	\N	viewed	2025-08-11 19:41:54.401334	\N	\N	\N	\N	\N	2025-08-11 15:14:39	2025-08-11 15:14:39	\N	\N	\N	\N	\N	2025-08-11 19:34:12.969348
17	1	14	\N	  " "	888	complex	2	 	{}		\N	high	sent	\N	\N	\N	\N	f	\N	2025-08-12 18:56:01.881178	2025-08-12 18:56:01.881182	\N	\N	\N	\N	\N	2025-08-12 18:56:01.724958
18	1	14	\N	  "  "	99	complex	17	  	{}		\N	medium	sent	\N	\N	\N	\N	f	\N	2025-08-12 18:56:28.444433	2025-08-12 18:56:28.444436	\N	\N	\N	\N	\N	2025-08-12 18:56:28.291204
19	1	2	\N	  " "	88	complex	8	 	{}		\N	medium	sent	\N	\N	\N	\N	f	\N	2025-08-12 18:56:58.712571	2025-08-12 18:56:58.712573	\N	\N	\N	\N	\N	2025-08-12 18:56:58.560259
20	1	2	\N	:  52	111	property	52	 52	{}		\N	normal	sent	\N	\N	\N	\N	f	\N	2025-08-12 19:04:38.121124	2025-08-12 19:04:38.121126	\N	\N	\N	\N	\N	2025-08-12 19:04:37.965105
21	1	20	\N	:  52		property	52	 52	{}		\N	normal	sent	\N	\N	\N	\N	f	\N	2025-08-12 19:04:53.7078	2025-08-12 19:04:53.707803	\N	\N	\N	\N	\N	2025-08-12 19:04:53.555968
22	1	14	\N	:  52		property	52	 52	{}		\N	normal	sent	\N	\N	\N	\N	f	\N	2025-08-12 19:05:12.865151	2025-08-12 19:05:12.865155	\N	\N	\N	\N	\N	2025-08-12 19:05:12.712805
\.


--
-- Data for Name: residential_complexes; Type: TABLE DATA; Schema: public; Owner: neondb_owner
--

COPY public.residential_complexes (id, name, slug, district_id, developer_id, description, short_description, street_id, address, property_class, building_type, total_buildings, total_floors, total_apartments, construction_status, construction_year, delivery_quarter, latitude, longitude, min_price, max_price, price_per_sqm, parking, playground, security, concierge, gym, kindergarten, metro_distance, school_distance, hospital_distance, gallery, main_image, video_url, mortgage_available, family_mortgage, it_mortgage, preferential_mortgage, meta_title, meta_description, is_active, is_featured, views, created_at, updated_at) FROM stdin;
1	  	zhk-pervoe-mesto	5	1	        -  .	\N	\N	\N	\N	\N	0	0	0	\N	\N	\N	\N	\N	7055000	8950000	0	f	f	f	f	f	f	\N	\N	\N	\N	\N	\N	t	f	f	f	\N	\N	t	f	0	2025-08-11 19:25:42.735161	2025-08-11 19:25:42.735161
2	  	zhk-vishnevyy-sad	4	1	        	\N	\N	\N	\N	\N	0	0	0	\N	\N	\N	\N	\N	3900000	3900000	0	f	f	f	f	f	f	\N	\N	\N	\N	\N	\N	t	f	f	f	\N	\N	t	f	0	2025-08-11 19:25:42.735161	2025-08-11 19:25:42.735161
3	  	zhk-na-gertsena	2	1	     	\N	\N	\N	\N	\N	0	0	0	\N	\N	\N	\N	\N	4500000	6200000	0	f	f	f	f	f	f	\N	\N	\N	\N	\N	\N	t	f	f	f	\N	\N	t	f	0	2025-08-11 19:25:42.735161	2025-08-11 19:25:42.735161
4	  	zhk-yuzhnyy-park	1	1	     	\N	\N	\N	\N	\N	0	0	0	\N	\N	\N	\N	\N	5200000	7800000	0	f	f	f	f	f	f	\N	\N	\N	\N	\N	\N	t	f	f	f	\N	\N	t	f	0	2025-08-11 19:25:42.735161	2025-08-11 19:25:42.735161
5	 	zhk-evropeyskiy	3	1	   	\N	\N	\N	\N	\N	0	0	0	\N	\N	\N	\N	\N	6100000	8500000	0	f	f	f	f	f	f	\N	\N	\N	\N	\N	\N	t	f	f	f	\N	\N	t	f	0	2025-08-11 19:25:42.735161	2025-08-11 19:25:42.735161
\.


--
-- Data for Name: room_types; Type: TABLE DATA; Schema: public; Owner: neondb_owner
--

COPY public.room_types (id, name, rooms_count) FROM stdin;
\.


--
-- Data for Name: saved_searches; Type: TABLE DATA; Schema: public; Owner: neondb_owner
--

COPY public.saved_searches (id, user_id, name, description, search_type, location, property_type, price_min, price_max, size_min, size_max, developer, complex_name, floor_min, floor_max, cashback_min, additional_filters, notify_new_matches, last_notification_sent, created_from_quiz, created_at, updated_at, last_used, search_name, search_criteria, email_notifications, telegram_notifications, is_active, last_checked) FROM stdin;
1	2	2-3   		properties		2-	\N	\N	\N	\N			\N	\N	\N		t	\N	\N	2025-06-30 21:32:09	2025-08-10 23:53:37	2025-08-10 23:53:37	\N	\N	t	f	t	\N
2	2	1-  6 		properties		1-	\N	6000000	\N	\N			\N	\N	\N		t	\N	\N	2025-07-04 21:32:09	2025-08-10 21:32:09	2025-08-10 21:32:09	\N	\N	t	f	t	\N
3	2	 		properties		3-	\N	\N	80	\N			\N	\N	\N		t	\N	\N	2025-08-03 21:32:09	2025-08-10 21:32:09	2025-08-10 21:32:09	\N	\N	t	f	t	\N
4	2	  4 		properties			\N	4000000	\N	\N			\N	\N	\N		f	\N	\N	2025-06-17 21:32:09	2025-08-10 23:11:35	2025-08-10 23:11:35	\N	\N	t	f	t	\N
5	5	  4 		properties			\N	4000000	\N	\N			\N	\N	\N		t	\N	\N	2025-08-09 21:32:09	2025-08-10 21:32:09	2025-08-10 21:32:09	\N	\N	t	f	t	\N
6	5	 	  -	properties			12000000	\N	\N	\N			\N	\N	\N		f	\N	\N	2025-06-18 21:32:09	2025-08-10 21:32:09	2025-08-10 21:32:09	\N	\N	t	f	t	\N
7	5	2-3   		properties		2-	\N	\N	\N	\N			\N	\N	\N		t	\N	\N	2025-07-06 21:32:10	2025-08-10 21:32:10	2025-08-10 21:32:10	\N	\N	t	f	t	\N
8	3	  4 		properties			\N	4000000	\N	\N			\N	\N	\N		f	\N	\N	2025-07-08 21:32:10	2025-08-10 21:32:10	2025-08-10 21:32:10	\N	\N	t	f	t	\N
9	3	2-3   		properties		2-	\N	\N	\N	\N			\N	\N	\N		f	\N	\N	2025-06-25 21:32:10	2025-08-10 21:32:10	2025-08-10 21:32:10	\N	\N	t	f	t	\N
10	3	 	  -	properties			12000000	\N	\N	\N			\N	\N	\N		t	\N	\N	2025-07-27 21:32:10	2025-08-10 21:32:10	2025-08-10 21:32:10	\N	\N	t	f	t	\N
11	4	 	  -	properties			12000000	\N	\N	\N			\N	\N	\N		t	\N	\N	2025-07-07 21:32:10	2025-08-10 21:32:10	2025-08-10 21:32:10	\N	\N	t	f	t	\N
12	4	1-  6 		properties		1-	\N	6000000	\N	\N			\N	\N	\N		f	\N	\N	2025-07-23 21:32:10	2025-08-10 21:32:10	2025-08-10 21:32:10	\N	\N	t	f	t	\N
13	6	  4 		properties			\N	4000000	\N	\N			\N	\N	\N		t	\N	\N	2025-06-14 21:32:10	2025-08-10 21:32:10	2025-08-10 21:32:10	\N	\N	t	f	t	\N
14	6	 	  -	properties			12000000	\N	\N	\N			\N	\N	\N		t	\N	\N	2025-06-19 21:32:10	2025-08-10 21:32:10	2025-08-10 21:32:10	\N	\N	t	f	t	\N
15	6	2-3   		properties		2-	\N	\N	\N	\N			\N	\N	\N		t	\N	\N	2025-08-04 21:32:10	2025-08-10 21:32:10	2025-08-10 21:32:10	\N	\N	t	f	t	\N
16	7	 	  -	properties			12000000	\N	\N	\N			\N	\N	\N		t	\N	\N	2025-07-02 21:32:10	2025-08-10 21:32:10	2025-08-10 21:32:10	\N	\N	t	f	t	\N
17	7	 		properties		3-	\N	\N	80	\N			\N	\N	\N		t	\N	\N	2025-07-18 21:32:10	2025-08-10 21:32:10	2025-08-10 21:32:10	\N	\N	t	f	t	\N
18	2	 :  2- , 0-50 	123	properties			\N	\N	\N	\N			\N	\N	\N		t	\N	\N	2025-08-10 21:33:50	2025-08-10 21:33:50	2025-08-10 21:33:50	\N	\N	t	f	t	\N
19	2			properties			\N	\N	\N	\N			\N	\N	\N	{"rooms": ["\\u0441\\u0442\\u0443\\u0434\\u0438\\u044f"], "priceTo": "30"}	t	\N	\N	2025-08-10 23:02:00	2025-08-10 23:08:56	2025-08-10 23:08:56	\N	\N	t	f	t	\N
20	2	 :  3- , 0-33 	 	properties			\N	\N	\N	\N			\N	\N	\N		t	\N	\N	2025-08-10 23:23:28	2025-08-10 23:34:02	2025-08-10 23:34:02	\N	\N	t	f	t	\N
21	2	 :  	123	properties			\N	\N	\N	\N			\N	\N	\N		t	\N	\N	2025-08-10 23:44:46	2025-08-10 23:44:46	2025-08-10 23:44:46	\N	\N	t	f	t	\N
22	2	 :  	123	properties			\N	\N	\N	\N			\N	\N	\N		t	\N	\N	2025-08-10 23:54:54	2025-08-10 23:54:54	2025-08-10 23:54:54	\N	\N	t	f	t	\N
23	2			properties			\N	\N	\N	\N			\N	\N	\N	{"rooms": ["3-\\u043a\\u043e\\u043c\\u043d"], "priceTo": "33"}	t	\N	\N	2025-08-10 23:57:21	2025-08-10 23:57:21	2025-08-10 23:57:21	\N	\N	t	f	t	\N
24	2	 : 	123333	properties			\N	\N	\N	\N			\N	\N	\N		t	\N	\N	2025-08-11 00:00:35	2025-08-11 00:00:35	2025-08-11 00:00:35	\N	\N	t	f	t	\N
25	2	 :   2		properties			\N	\N	\N	\N			\N	\N	\N		t	\N	\N	2025-08-11 00:02:49	2025-08-11 00:02:49	2025-08-11 00:02:49	\N	\N	t	f	t	\N
26	2	 :  		properties			\N	\N	\N	\N			\N	\N	\N		t	\N	\N	2025-08-11 00:04:49	2025-08-11 00:04:49	2025-08-11 00:04:49	\N	\N	t	f	t	\N
27	2	 :  	123	properties			\N	\N	\N	\N			\N	\N	\N	{"districts": [], "developers": [], "rooms": ["3-\\u043a\\u043e\\u043c\\u043d"], "completion": [], "priceFrom": "", "priceTo": "33", "areaFrom": "", "areaTo": ""}	t	\N	\N	2025-08-11 00:07:20	2025-08-11 19:53:23.533636	2025-08-11 19:53:23.532285	\N	\N	t	f	t	\N
\.


--
-- Data for Name: search_categories; Type: TABLE DATA; Schema: public; Owner: neondb_owner
--

COPY public.search_categories (id, name, category_type, slug, created_at) FROM stdin;
\.


--
-- Data for Name: sent_searches; Type: TABLE DATA; Schema: public; Owner: neondb_owner
--

COPY public.sent_searches (id, manager_id, client_id, manager_search_id, name, description, additional_filters, status, viewed_at, applied_at, expires_at, sent_at) FROM stdin;
\.


--
-- Data for Name: streets; Type: TABLE DATA; Schema: public; Owner: neondb_owner
--

COPY public.streets (id, name, slug, district_id) FROM stdin;
1	 .	-	\N
2	 .	-	\N
3	 	-	\N
4	 .	-	\N
5	 .	-	\N
6	 .	-	\N
7	 .	-	\N
8	 .	-	\N
9	 .	-	\N
10	 .	-	\N
11	 .	-	\N
12	 .	-	\N
13	 	-	\N
14	  .	--	\N
15	  .	--	\N
16	  .	--	\N
17	 .	-	\N
18	 .	-	\N
19	 .	-	\N
20	 .	-	\N
21	  .	--	\N
22	- .	--	\N
23	  .	--	\N
24	   .	---	\N
25	  .	--	\N
26	  .	--	\N
27	 	-	\N
28	 .	-	\N
29	 -.	--	\N
30	 .	-	\N
31	 .	-	\N
32	 .	-	\N
33	 .	-	\N
34	 .	-	\N
35	 .	-	\N
36	 .	-	\N
37	 .	-	\N
38	 .	-	\N
39	 () .	--	\N
40	 .	-	\N
41	 .	-	\N
42	 .	-	\N
43	 .	-	\N
44	 .	-	\N
45	 .	-	\N
46	 .	-	\N
47	 	-	\N
48	 .	-	\N
49	 .	-	\N
50	 .	-	\N
51	 .	-	\N
52	 .	-	\N
53	 .	-	\N
54	  .	--	\N
55	 .	-	\N
56	 .	-	\N
57	 ( ) .	---	\N
58	 ( ) .	---	\N
59	 ( ) .	---	\N
60	 ( ) .	---	\N
61	 ( ) .	---	\N
62	 .	-	\N
63	 .	-	\N
64	 .	-	\N
65	 	-	\N
66	 	-	\N
67	 .	-	\N
68	 ( ) .	---	\N
69	 .	-	\N
70	 .	-	\N
71	 .	-	\N
72	 .	-	\N
73	 .	-	\N
74	 .	-	\N
75	  .	--	\N
76	 .	-	\N
77	 	-	\N
78	 .	-	\N
79	 .	-	\N
80	 .	-	\N
81	 	-	\N
82	 .	-	\N
83	 .	-	\N
84	 	-	\N
85	 	-	\N
86	 .	-	\N
87	 .	-	\N
88	 .	-	\N
89	 .	-	\N
90	 	-	\N
91	 .	-	\N
92	  .	--	\N
93	  .	--	\N
94	  .	--	\N
95	  .	--	\N
96	 .	-	\N
97	 .	-	\N
98	 .	-	\N
99	 .	-	\N
100	 .	-	\N
101	 .	-	\N
102	 .	-	\N
103	 .	-	\N
104	 .	-	\N
105	 .	-	\N
106	 .	-	\N
107	 	-	\N
108	 .	-	\N
109	 .	-	\N
110	 	-	\N
111	 	-	\N
112	 .	-	\N
113	 .	-	\N
114	 .	-	\N
115	 .	-	\N
116	 .	-	\N
117	 .	-	\N
118	 .	-	\N
119	 .	-	\N
120	 .	-	\N
121	  .	--	\N
122	  .	--	\N
123	  .	--	\N
124	  .	--	\N
125	 .	-	\N
126	 .	-	\N
127	 .	-	\N
128	 .	-	\N
129	 .	-	\N
130	  .	--	\N
131	 .	-	\N
132	 .	-	\N
133	 .	-	\N
134	 .	-	\N
135	 .	-	\N
136	 .	-	\N
137	 .	-	\N
138	 .	-	\N
139	 .	-	\N
140	 .	-	\N
141	 () .	--	\N
142	 .	-	\N
143	 .	-	\N
144	 .	-	\N
145	 .	-	\N
146	 .	-	\N
147	 .	-	\N
148	 .	-	\N
149	 .	-	\N
150	 () .	--	\N
151	 .	-	\N
152	 .	-	\N
153	 .	-	\N
154	- .	--	\N
155	  .	--	\N
156	 .	-	\N
157	 .	-	\N
158	 .	-	\N
159	 .	-	\N
160	 	-	\N
161	 .	-	\N
162	  .	--	\N
163	 .	-	\N
164	 .	-	\N
165	 .	-	\N
166	 .	-	\N
167	 .	-	\N
168	 .	-	\N
169	 .	-	\N
170	 .	-	\N
171	 () .	--	\N
172	 	-	\N
173	  .	--	\N
174	 .	-	\N
175	 .	-	\N
176	  .	--	\N
177	 .	-	\N
178	 .	-	\N
179	  .	--	\N
180	  .	--	\N
181	  .	--	\N
182	  .	--	\N
183	  .	--	\N
184	 .	-	\N
185	 .	-	\N
186	 .	-	\N
187	  .	--	\N
188	 .	-	\N
189	 .	-	\N
190	 .	-	\N
191	 .	-	\N
192	 	-	\N
193	 .	-	\N
194	 .	-	\N
195	 ..  	---	\N
196	  	--	\N
197	  .	--	\N
198	 ..  	---	\N
199	  .	--	\N
200	  () .	---	\N
201	 ..  	---	\N
202	  .	--	\N
203	 .	-	\N
204	 	-	\N
205	 .	-	\N
206	 .	-	\N
207	 	-	\N
208	 .	-	\N
209	 ( ) .	---	\N
210	 	-	\N
211	 .	-	\N
212	 .	-	\N
213	 .	-	\N
214	 .	-	\N
\.


--
-- Data for Name: user_notifications; Type: TABLE DATA; Schema: public; Owner: neondb_owner
--

COPY public.user_notifications (id, user_id, title, message, notification_type, icon, is_read, action_url, created_at, read_at) FROM stdin;
\.


--
-- Data for Name: users; Type: TABLE DATA; Schema: public; Owner: neondb_owner
--

COPY public.users (id, email, phone, telegram_id, full_name, password_hash, preferred_contact, email_notifications, telegram_notifications, notify_recommendations, notify_saved_searches, notify_applications, notify_cashback, notify_marketing, profile_image, user_id, role, is_active, is_verified, verification_token, is_demo, verified, registration_source, client_notes, assigned_manager_id, client_status, preferred_district, property_type, room_count, budget_range, quiz_completed, created_at, updated_at, last_login) FROM stdin;
3	manager@inback.ru			 	scrypt:32768:8:1$yBxWMnshg9JxxFuY$fd92a8332fbe40fafe78992b52903a725f00219c39cf1efb970fe2ef3b936c2cb8cc435e343d3dca6d4aedeadcc39cea34dde806541abd9df8ecad75bd66eb2e	email	t	f	\N	\N	\N	\N	\N	\N	CB87654321	manager	t	f		\N	\N	Website		\N						f	2025-08-10 21:05:25	2025-08-11 19:29:16.802443	2025-08-11 19:29:16.80245
4	admin@inback.ru				scrypt:32768:8:1$yBxWMnshg9JxxFuY$fd92a8332fbe40fafe78992b52903a725f00219c39cf1efb970fe2ef3b936c2cb8cc435e343d3dca6d4aedeadcc39cea34dde806541abd9df8ecad75bd66eb2e	email	t	f	\N	\N	\N	\N	\N	\N	CB11111111	admin	t	f		\N	\N	Website		\N						f	2025-08-10 21:05:25	2025-08-11 19:29:16.905601	2025-08-11 19:29:16.905608
5	ivan.petrov@email.ru	+7-918-234-56-78		 	scrypt:32768:8:1$yBxWMnshg9JxxFuY$fd92a8332fbe40fafe78992b52903a725f00219c39cf1efb970fe2ef3b936c2cb8cc435e343d3dca6d4aedeadcc39cea34dde806541abd9df8ecad75bd66eb2e	email	t	f	\N	\N	\N	\N	\N	\N	CB39259319	buyer	f	f		\N	\N	Website		\N						f	2025-08-10 21:24:54	2025-08-11 15:00:39	2025-08-11 19:29:17.009097
2	demo@inback.ru			 	scrypt:32768:8:1$yBxWMnshg9JxxFuY$fd92a8332fbe40fafe78992b52903a725f00219c39cf1efb970fe2ef3b936c2cb8cc435e343d3dca6d4aedeadcc39cea34dde806541abd9df8ecad75bd66eb2e	email	t	f	\N	\N	\N	\N	\N	\N	CB12345678	buyer	t	f		\N	\N	Website		\N						f	2025-08-10 21:05:25	2025-08-11 19:30:48.227681	2025-08-11 19:30:48.225822
6	maria.sidorova@email.ru	+7-918-345-67-89		 	scrypt:32768:8:1$yBxWMnshg9JxxFuY$fd92a8332fbe40fafe78992b52903a725f00219c39cf1efb970fe2ef3b936c2cb8cc435e343d3dca6d4aedeadcc39cea34dde806541abd9df8ecad75bd66eb2e	email	t	f	\N	\N	\N	\N	\N	\N	CB54057265	buyer	t	f		\N	\N	Website		\N						f	2025-08-10 21:24:54	2025-08-10 21:24:54	2025-08-11 19:29:17.112029
7	alex.kozlov@email.ru	+7-918-456-78-90		 	scrypt:32768:8:1$yBxWMnshg9JxxFuY$fd92a8332fbe40fafe78992b52903a725f00219c39cf1efb970fe2ef3b936c2cb8cc435e343d3dca6d4aedeadcc39cea34dde806541abd9df8ecad75bd66eb2e	email	t	f	\N	\N	\N	\N	\N	\N	CB69534545	buyer	t	f		\N	\N	Website		\N	 					f	2025-08-10 21:24:55	2025-08-10 21:24:55	2025-08-11 19:29:17.214715
8	elena.smirnova@email.ru	+7-918-567-89-01		 	scrypt:32768:8:1$yBxWMnshg9JxxFuY$fd92a8332fbe40fafe78992b52903a725f00219c39cf1efb970fe2ef3b936c2cb8cc435e343d3dca6d4aedeadcc39cea34dde806541abd9df8ecad75bd66eb2e	email	t	f	\N	\N	\N	\N	\N	\N	CB78733862	buyer	t	f		\N	\N	Website		\N						f	2025-08-10 21:24:55	2025-08-10 21:24:55	2025-08-11 19:29:17.320234
9	dmitry.volkov@email.ru	+7-918-678-90-12		 	scrypt:32768:8:1$yBxWMnshg9JxxFuY$fd92a8332fbe40fafe78992b52903a725f00219c39cf1efb970fe2ef3b936c2cb8cc435e343d3dca6d4aedeadcc39cea34dde806541abd9df8ecad75bd66eb2e	email	t	f	\N	\N	\N	\N	\N	\N	CB31150897	buyer	t	f		\N	\N	Website		\N						f	2025-08-10 21:24:55	2025-08-10 21:24:55	2025-08-11 19:29:17.423519
10	test@inback.ru	+7900123456		 	scrypt:32768:8:1$yBxWMnshg9JxxFuY$fd92a8332fbe40fafe78992b52903a725f00219c39cf1efb970fe2ef3b936c2cb8cc435e343d3dca6d4aedeadcc39cea34dde806541abd9df8ecad75bd66eb2e	email	t	f	\N	\N	\N	\N	\N	\N	CB49690145	buyer	t	f		\N	\N	Website		\N						f	2025-08-10 23:18:17	2025-08-10 23:18:17	2025-08-11 19:29:17.527442
12	email_only@inback.ru			Email 	scrypt:32768:8:1$yBxWMnshg9JxxFuY$fd92a8332fbe40fafe78992b52903a725f00219c39cf1efb970fe2ef3b936c2cb8cc435e343d3dca6d4aedeadcc39cea34dde806541abd9df8ecad75bd66eb2e	email	t	f	\N	\N	\N	\N	\N	\N	CB71638148	buyer	t	f		\N	\N	Website		\N						f	2025-08-11 15:40:09	2025-08-11 15:40:09	2025-08-11 19:29:17.636464
13	whatsapp@inback.ru	+7-918-999-88-77		WhatsApp 	scrypt:32768:8:1$yBxWMnshg9JxxFuY$fd92a8332fbe40fafe78992b52903a725f00219c39cf1efb970fe2ef3b936c2cb8cc435e343d3dca6d4aedeadcc39cea34dde806541abd9df8ecad75bd66eb2e	email	f	f	\N	\N	\N	\N	\N	\N	CB34634650	buyer	t	f		\N	\N	Website		\N						f	2025-08-11 15:40:10	2025-08-11 15:40:10	2025-08-11 19:29:17.739908
15	new.client@example.com	+7-918-123-45-67	\N	 	scrypt:32768:8:1$m1BwNh41dLNQDJob$5a7d95e056f43ef6f482b6678c0712f78603319025c1c0364e01ba049f3d6f7c8174e1a79d5d0519aad4d7d8f1b22c783e2c165892c7cd8c5fe95dbba0f0ca03	email	t	f	t	t	t	t	f	https://randomuser.me/api/portraits/men/32.jpg	CB94206088	buyer	t	f	\N	f	f	Website	\N	1		\N	\N	\N	\N	f	2025-08-12 18:43:08.064375	2025-08-12 18:43:08.064382	\N
16	working.test.client@example.com	+7-918-666-55-44	\N	  	\N	email	t	f	t	t	t	t	f	https://randomuser.me/api/portraits/men/32.jpg	CB50027764	buyer	t	f	\N	f	f	Manager	\N	1		\N	\N	\N	\N	f	2025-08-12 18:44:41.904825	2025-08-12 18:44:41.90483	\N
17	bithomghse@mail.ru	+7-952-490-42-60	\N	 hg	\N	email	t	f	t	t	t	t	f	https://randomuser.me/api/portraits/men/32.jpg	CB85827310	buyer	t	f	\N	f	f	Manager	\N	1		\N	\N	\N	\N	f	2025-08-12 18:52:06.547753	2025-08-12 18:52:06.547756	\N
18	test.password.client@example.com	+7-918-555-44-33	\N	  	scrypt:32768:8:1$8Bl7ZVq9sksCfixj$a4636e9f2913acc28a254456bd8f1e45e18aee120d1e8ef03abd08129991598410d7e323f7216cf8bdb35e2c2b8f20905aed9f66883ff03c00dbfd5943b07496	email	t	f	t	t	t	t	f	https://randomuser.me/api/portraits/men/32.jpg	CB11464389	buyer	t	f	\N	f	f	Manager	\N	1		\N	\N	\N	\N	f	2025-08-12 18:53:51.96034	2025-08-12 18:54:22.79387	2025-08-12 18:54:22.791864
19	new.client.final@example.com	+7-952-490-42-69	\N	  	scrypt:32768:8:1$1NgPsQCL2woWR2er$7420839dc57598241c819ffabfe384490a3b564a81a2dd0fa169a0ff4663bbca746106bd47a857d43239c5ced498a4ce361633fbe5f804959faae0cf11a5eba6	email	t	f	t	t	t	t	f	https://randomuser.me/api/portraits/men/32.jpg	CB13122017	buyer	t	f	\N	f	f	Manager	\N	1		\N	\N	\N	\N	f	2025-08-12 18:55:04.179486	2025-08-12 18:55:04.179489	\N
20	ultimaten@inback.ru	+7-952-490-82-69	730764738	 	\N	\N	\N	t	t	\N	\N	\N	\N	\N	ULT17550252	buyer	t	\N	\N	\N	\N	\N	\N	\N	\N	\N	\N	\N	\N	\N	2025-08-12 19:00:14.629974	2025-08-12 19:00:14.629974	\N
14	bithome@mail.ru	+7-952-490-82-69	730764738	 	scrypt:32768:8:1$yBxWMnshg9JxxFuY$fd92a8332fbe40fafe78992b52903a725f00219c39cf1efb970fe2ef3b936c2cb8cc435e343d3dca6d4aedeadcc39cea34dde806541abd9df8ecad75bd66eb2e	both	t	t	t	\N	\N	\N	\N	\N	CB76327433	buyer	t	f		\N	\N	Website		1				2	4-6 	f	2025-08-11 15:59:11	2025-08-11 21:58:55.177116	2025-08-11 16:14:50
\.


--
-- Name: admins_id_seq; Type: SEQUENCE SET; Schema: public; Owner: neondb_owner
--

SELECT pg_catalog.setval('public.admins_id_seq', 1, true);


--
-- Name: applications_id_seq; Type: SEQUENCE SET; Schema: public; Owner: neondb_owner
--

SELECT pg_catalog.setval('public.applications_id_seq', 4, true);


--
-- Name: blog_articles_id_seq; Type: SEQUENCE SET; Schema: public; Owner: neondb_owner
--

SELECT pg_catalog.setval('public.blog_articles_id_seq', 5, true);


--
-- Name: blog_categories_id_seq; Type: SEQUENCE SET; Schema: public; Owner: neondb_owner
--

SELECT pg_catalog.setval('public.blog_categories_id_seq', 13, true);


--
-- Name: blog_comments_id_seq; Type: SEQUENCE SET; Schema: public; Owner: neondb_owner
--

SELECT pg_catalog.setval('public.blog_comments_id_seq', 1, false);


--
-- Name: blog_posts_id_seq; Type: SEQUENCE SET; Schema: public; Owner: neondb_owner
--

SELECT pg_catalog.setval('public.blog_posts_id_seq', 15, true);


--
-- Name: blog_tags_id_seq; Type: SEQUENCE SET; Schema: public; Owner: neondb_owner
--

SELECT pg_catalog.setval('public.blog_tags_id_seq', 1, false);


--
-- Name: callback_requests_id_seq; Type: SEQUENCE SET; Schema: public; Owner: neondb_owner
--

SELECT pg_catalog.setval('public.callback_requests_id_seq', 2, true);


--
-- Name: cashback_applications_id_seq; Type: SEQUENCE SET; Schema: public; Owner: neondb_owner
--

SELECT pg_catalog.setval('public.cashback_applications_id_seq', 1, false);


--
-- Name: cashback_payouts_id_seq; Type: SEQUENCE SET; Schema: public; Owner: neondb_owner
--

SELECT pg_catalog.setval('public.cashback_payouts_id_seq', 1, false);


--
-- Name: cashback_records_id_seq; Type: SEQUENCE SET; Schema: public; Owner: neondb_owner
--

SELECT pg_catalog.setval('public.cashback_records_id_seq', 1, false);


--
-- Name: cities_id_seq; Type: SEQUENCE SET; Schema: public; Owner: neondb_owner
--

SELECT pg_catalog.setval('public.cities_id_seq', 1, false);


--
-- Name: client_property_recommendations_id_seq; Type: SEQUENCE SET; Schema: public; Owner: neondb_owner
--

SELECT pg_catalog.setval('public.client_property_recommendations_id_seq', 1, false);


--
-- Name: collection_properties_id_seq; Type: SEQUENCE SET; Schema: public; Owner: neondb_owner
--

SELECT pg_catalog.setval('public.collection_properties_id_seq', 1, false);


--
-- Name: collections_id_seq; Type: SEQUENCE SET; Schema: public; Owner: neondb_owner
--

SELECT pg_catalog.setval('public.collections_id_seq', 1, false);


--
-- Name: developer_appointments_id_seq; Type: SEQUENCE SET; Schema: public; Owner: neondb_owner
--

SELECT pg_catalog.setval('public.developer_appointments_id_seq', 1, false);


--
-- Name: developers_id_seq; Type: SEQUENCE SET; Schema: public; Owner: neondb_owner
--

SELECT pg_catalog.setval('public.developers_id_seq', 1, false);


--
-- Name: districts_id_seq; Type: SEQUENCE SET; Schema: public; Owner: neondb_owner
--

SELECT pg_catalog.setval('public.districts_id_seq', 1, false);


--
-- Name: documents_id_seq; Type: SEQUENCE SET; Schema: public; Owner: neondb_owner
--

SELECT pg_catalog.setval('public.documents_id_seq', 1, false);


--
-- Name: favorite_properties_id_seq; Type: SEQUENCE SET; Schema: public; Owner: neondb_owner
--

SELECT pg_catalog.setval('public.favorite_properties_id_seq', 1, false);


--
-- Name: favorites_id_seq; Type: SEQUENCE SET; Schema: public; Owner: neondb_owner
--

SELECT pg_catalog.setval('public.favorites_id_seq', 1, false);


--
-- Name: manager_saved_searches_id_seq; Type: SEQUENCE SET; Schema: public; Owner: neondb_owner
--

SELECT pg_catalog.setval('public.manager_saved_searches_id_seq', 1, false);


--
-- Name: managers_id_seq; Type: SEQUENCE SET; Schema: public; Owner: neondb_owner
--

SELECT pg_catalog.setval('public.managers_id_seq', 1, true);


--
-- Name: notifications_id_seq; Type: SEQUENCE SET; Schema: public; Owner: neondb_owner
--

SELECT pg_catalog.setval('public.notifications_id_seq', 1, false);


--
-- Name: recommendation_categories_id_seq; Type: SEQUENCE SET; Schema: public; Owner: neondb_owner
--

SELECT pg_catalog.setval('public.recommendation_categories_id_seq', 1, false);


--
-- Name: recommendation_templates_id_seq; Type: SEQUENCE SET; Schema: public; Owner: neondb_owner
--

SELECT pg_catalog.setval('public.recommendation_templates_id_seq', 1, false);


--
-- Name: recommendations_id_seq; Type: SEQUENCE SET; Schema: public; Owner: neondb_owner
--

SELECT pg_catalog.setval('public.recommendations_id_seq', 22, true);


--
-- Name: residential_complexes_id_seq; Type: SEQUENCE SET; Schema: public; Owner: neondb_owner
--

SELECT pg_catalog.setval('public.residential_complexes_id_seq', 1, false);


--
-- Name: room_types_id_seq; Type: SEQUENCE SET; Schema: public; Owner: neondb_owner
--

SELECT pg_catalog.setval('public.room_types_id_seq', 1, false);


--
-- Name: saved_searches_id_seq; Type: SEQUENCE SET; Schema: public; Owner: neondb_owner
--

SELECT pg_catalog.setval('public.saved_searches_id_seq', 1, false);


--
-- Name: search_categories_id_seq; Type: SEQUENCE SET; Schema: public; Owner: neondb_owner
--

SELECT pg_catalog.setval('public.search_categories_id_seq', 1, false);


--
-- Name: sent_searches_id_seq; Type: SEQUENCE SET; Schema: public; Owner: neondb_owner
--

SELECT pg_catalog.setval('public.sent_searches_id_seq', 1, false);


--
-- Name: streets_id_seq; Type: SEQUENCE SET; Schema: public; Owner: neondb_owner
--

SELECT pg_catalog.setval('public.streets_id_seq', 214, true);


--
-- Name: user_notifications_id_seq; Type: SEQUENCE SET; Schema: public; Owner: neondb_owner
--

SELECT pg_catalog.setval('public.user_notifications_id_seq', 1, false);


--
-- Name: users_id_seq; Type: SEQUENCE SET; Schema: public; Owner: neondb_owner
--

SELECT pg_catalog.setval('public.users_id_seq', 20, true);


--
-- Name: admins admins_admin_id_key; Type: CONSTRAINT; Schema: public; Owner: neondb_owner
--

ALTER TABLE ONLY public.admins
    ADD CONSTRAINT admins_admin_id_key UNIQUE (admin_id);


--
-- Name: admins admins_pkey; Type: CONSTRAINT; Schema: public; Owner: neondb_owner
--

ALTER TABLE ONLY public.admins
    ADD CONSTRAINT admins_pkey PRIMARY KEY (id);


--
-- Name: applications applications_pkey; Type: CONSTRAINT; Schema: public; Owner: neondb_owner
--

ALTER TABLE ONLY public.applications
    ADD CONSTRAINT applications_pkey PRIMARY KEY (id);


--
-- Name: blog_article_tags blog_article_tags_pkey; Type: CONSTRAINT; Schema: public; Owner: neondb_owner
--

ALTER TABLE ONLY public.blog_article_tags
    ADD CONSTRAINT blog_article_tags_pkey PRIMARY KEY (article_id, tag_id);


--
-- Name: blog_articles blog_articles_pkey; Type: CONSTRAINT; Schema: public; Owner: neondb_owner
--

ALTER TABLE ONLY public.blog_articles
    ADD CONSTRAINT blog_articles_pkey PRIMARY KEY (id);


--
-- Name: blog_articles blog_articles_slug_key; Type: CONSTRAINT; Schema: public; Owner: neondb_owner
--

ALTER TABLE ONLY public.blog_articles
    ADD CONSTRAINT blog_articles_slug_key UNIQUE (slug);


--
-- Name: blog_categories blog_categories_name_key; Type: CONSTRAINT; Schema: public; Owner: neondb_owner
--

ALTER TABLE ONLY public.blog_categories
    ADD CONSTRAINT blog_categories_name_key UNIQUE (name);


--
-- Name: blog_categories blog_categories_pkey; Type: CONSTRAINT; Schema: public; Owner: neondb_owner
--

ALTER TABLE ONLY public.blog_categories
    ADD CONSTRAINT blog_categories_pkey PRIMARY KEY (id);


--
-- Name: blog_categories blog_categories_slug_key; Type: CONSTRAINT; Schema: public; Owner: neondb_owner
--

ALTER TABLE ONLY public.blog_categories
    ADD CONSTRAINT blog_categories_slug_key UNIQUE (slug);


--
-- Name: blog_comments blog_comments_pkey; Type: CONSTRAINT; Schema: public; Owner: neondb_owner
--

ALTER TABLE ONLY public.blog_comments
    ADD CONSTRAINT blog_comments_pkey PRIMARY KEY (id);


--
-- Name: blog_posts blog_posts_pkey; Type: CONSTRAINT; Schema: public; Owner: neondb_owner
--

ALTER TABLE ONLY public.blog_posts
    ADD CONSTRAINT blog_posts_pkey PRIMARY KEY (id);


--
-- Name: blog_posts blog_posts_slug_key; Type: CONSTRAINT; Schema: public; Owner: neondb_owner
--

ALTER TABLE ONLY public.blog_posts
    ADD CONSTRAINT blog_posts_slug_key UNIQUE (slug);


--
-- Name: blog_tags blog_tags_name_key; Type: CONSTRAINT; Schema: public; Owner: neondb_owner
--

ALTER TABLE ONLY public.blog_tags
    ADD CONSTRAINT blog_tags_name_key UNIQUE (name);


--
-- Name: blog_tags blog_tags_pkey; Type: CONSTRAINT; Schema: public; Owner: neondb_owner
--

ALTER TABLE ONLY public.blog_tags
    ADD CONSTRAINT blog_tags_pkey PRIMARY KEY (id);


--
-- Name: blog_tags blog_tags_slug_key; Type: CONSTRAINT; Schema: public; Owner: neondb_owner
--

ALTER TABLE ONLY public.blog_tags
    ADD CONSTRAINT blog_tags_slug_key UNIQUE (slug);


--
-- Name: callback_requests callback_requests_pkey; Type: CONSTRAINT; Schema: public; Owner: neondb_owner
--

ALTER TABLE ONLY public.callback_requests
    ADD CONSTRAINT callback_requests_pkey PRIMARY KEY (id);


--
-- Name: cashback_applications cashback_applications_pkey; Type: CONSTRAINT; Schema: public; Owner: neondb_owner
--

ALTER TABLE ONLY public.cashback_applications
    ADD CONSTRAINT cashback_applications_pkey PRIMARY KEY (id);


--
-- Name: cashback_payouts cashback_payouts_pkey; Type: CONSTRAINT; Schema: public; Owner: neondb_owner
--

ALTER TABLE ONLY public.cashback_payouts
    ADD CONSTRAINT cashback_payouts_pkey PRIMARY KEY (id);


--
-- Name: cashback_records cashback_records_pkey; Type: CONSTRAINT; Schema: public; Owner: neondb_owner
--

ALTER TABLE ONLY public.cashback_records
    ADD CONSTRAINT cashback_records_pkey PRIMARY KEY (id);


--
-- Name: cities cities_name_key; Type: CONSTRAINT; Schema: public; Owner: neondb_owner
--

ALTER TABLE ONLY public.cities
    ADD CONSTRAINT cities_name_key UNIQUE (name);


--
-- Name: cities cities_pkey; Type: CONSTRAINT; Schema: public; Owner: neondb_owner
--

ALTER TABLE ONLY public.cities
    ADD CONSTRAINT cities_pkey PRIMARY KEY (id);


--
-- Name: cities cities_slug_key; Type: CONSTRAINT; Schema: public; Owner: neondb_owner
--

ALTER TABLE ONLY public.cities
    ADD CONSTRAINT cities_slug_key UNIQUE (slug);


--
-- Name: client_property_recommendations client_property_recommendations_pkey; Type: CONSTRAINT; Schema: public; Owner: neondb_owner
--

ALTER TABLE ONLY public.client_property_recommendations
    ADD CONSTRAINT client_property_recommendations_pkey PRIMARY KEY (id);


--
-- Name: collection_properties collection_properties_pkey; Type: CONSTRAINT; Schema: public; Owner: neondb_owner
--

ALTER TABLE ONLY public.collection_properties
    ADD CONSTRAINT collection_properties_pkey PRIMARY KEY (id);


--
-- Name: collections collections_pkey; Type: CONSTRAINT; Schema: public; Owner: neondb_owner
--

ALTER TABLE ONLY public.collections
    ADD CONSTRAINT collections_pkey PRIMARY KEY (id);


--
-- Name: developer_appointments developer_appointments_pkey; Type: CONSTRAINT; Schema: public; Owner: neondb_owner
--

ALTER TABLE ONLY public.developer_appointments
    ADD CONSTRAINT developer_appointments_pkey PRIMARY KEY (id);


--
-- Name: developers developers_pkey; Type: CONSTRAINT; Schema: public; Owner: neondb_owner
--

ALTER TABLE ONLY public.developers
    ADD CONSTRAINT developers_pkey PRIMARY KEY (id);


--
-- Name: developers developers_slug_key; Type: CONSTRAINT; Schema: public; Owner: neondb_owner
--

ALTER TABLE ONLY public.developers
    ADD CONSTRAINT developers_slug_key UNIQUE (slug);


--
-- Name: districts districts_pkey; Type: CONSTRAINT; Schema: public; Owner: neondb_owner
--

ALTER TABLE ONLY public.districts
    ADD CONSTRAINT districts_pkey PRIMARY KEY (id);


--
-- Name: districts districts_slug_key; Type: CONSTRAINT; Schema: public; Owner: neondb_owner
--

ALTER TABLE ONLY public.districts
    ADD CONSTRAINT districts_slug_key UNIQUE (slug);


--
-- Name: documents documents_pkey; Type: CONSTRAINT; Schema: public; Owner: neondb_owner
--

ALTER TABLE ONLY public.documents
    ADD CONSTRAINT documents_pkey PRIMARY KEY (id);


--
-- Name: favorite_properties favorite_properties_pkey; Type: CONSTRAINT; Schema: public; Owner: neondb_owner
--

ALTER TABLE ONLY public.favorite_properties
    ADD CONSTRAINT favorite_properties_pkey PRIMARY KEY (id);


--
-- Name: favorites favorites_pkey; Type: CONSTRAINT; Schema: public; Owner: neondb_owner
--

ALTER TABLE ONLY public.favorites
    ADD CONSTRAINT favorites_pkey PRIMARY KEY (id);


--
-- Name: manager_saved_searches manager_saved_searches_pkey; Type: CONSTRAINT; Schema: public; Owner: neondb_owner
--

ALTER TABLE ONLY public.manager_saved_searches
    ADD CONSTRAINT manager_saved_searches_pkey PRIMARY KEY (id);


--
-- Name: managers managers_manager_id_key; Type: CONSTRAINT; Schema: public; Owner: neondb_owner
--

ALTER TABLE ONLY public.managers
    ADD CONSTRAINT managers_manager_id_key UNIQUE (manager_id);


--
-- Name: managers managers_pkey; Type: CONSTRAINT; Schema: public; Owner: neondb_owner
--

ALTER TABLE ONLY public.managers
    ADD CONSTRAINT managers_pkey PRIMARY KEY (id);


--
-- Name: notifications notifications_pkey; Type: CONSTRAINT; Schema: public; Owner: neondb_owner
--

ALTER TABLE ONLY public.notifications
    ADD CONSTRAINT notifications_pkey PRIMARY KEY (id);


--
-- Name: recommendation_categories recommendation_categories_pkey; Type: CONSTRAINT; Schema: public; Owner: neondb_owner
--

ALTER TABLE ONLY public.recommendation_categories
    ADD CONSTRAINT recommendation_categories_pkey PRIMARY KEY (id);


--
-- Name: recommendation_templates recommendation_templates_pkey; Type: CONSTRAINT; Schema: public; Owner: neondb_owner
--

ALTER TABLE ONLY public.recommendation_templates
    ADD CONSTRAINT recommendation_templates_pkey PRIMARY KEY (id);


--
-- Name: recommendations recommendations_pkey; Type: CONSTRAINT; Schema: public; Owner: neondb_owner
--

ALTER TABLE ONLY public.recommendations
    ADD CONSTRAINT recommendations_pkey PRIMARY KEY (id);


--
-- Name: residential_complexes residential_complexes_pkey; Type: CONSTRAINT; Schema: public; Owner: neondb_owner
--

ALTER TABLE ONLY public.residential_complexes
    ADD CONSTRAINT residential_complexes_pkey PRIMARY KEY (id);


--
-- Name: residential_complexes residential_complexes_slug_key; Type: CONSTRAINT; Schema: public; Owner: neondb_owner
--

ALTER TABLE ONLY public.residential_complexes
    ADD CONSTRAINT residential_complexes_slug_key UNIQUE (slug);


--
-- Name: room_types room_types_pkey; Type: CONSTRAINT; Schema: public; Owner: neondb_owner
--

ALTER TABLE ONLY public.room_types
    ADD CONSTRAINT room_types_pkey PRIMARY KEY (id);


--
-- Name: saved_searches saved_searches_pkey; Type: CONSTRAINT; Schema: public; Owner: neondb_owner
--

ALTER TABLE ONLY public.saved_searches
    ADD CONSTRAINT saved_searches_pkey PRIMARY KEY (id);


--
-- Name: search_categories search_categories_pkey; Type: CONSTRAINT; Schema: public; Owner: neondb_owner
--

ALTER TABLE ONLY public.search_categories
    ADD CONSTRAINT search_categories_pkey PRIMARY KEY (id);


--
-- Name: sent_searches sent_searches_pkey; Type: CONSTRAINT; Schema: public; Owner: neondb_owner
--

ALTER TABLE ONLY public.sent_searches
    ADD CONSTRAINT sent_searches_pkey PRIMARY KEY (id);


--
-- Name: streets streets_pkey; Type: CONSTRAINT; Schema: public; Owner: neondb_owner
--

ALTER TABLE ONLY public.streets
    ADD CONSTRAINT streets_pkey PRIMARY KEY (id);


--
-- Name: streets streets_slug_key; Type: CONSTRAINT; Schema: public; Owner: neondb_owner
--

ALTER TABLE ONLY public.streets
    ADD CONSTRAINT streets_slug_key UNIQUE (slug);


--
-- Name: favorites unique_user_property; Type: CONSTRAINT; Schema: public; Owner: neondb_owner
--

ALTER TABLE ONLY public.favorites
    ADD CONSTRAINT unique_user_property UNIQUE (user_id, property_id);


--
-- Name: user_notifications user_notifications_pkey; Type: CONSTRAINT; Schema: public; Owner: neondb_owner
--

ALTER TABLE ONLY public.user_notifications
    ADD CONSTRAINT user_notifications_pkey PRIMARY KEY (id);


--
-- Name: users users_pkey; Type: CONSTRAINT; Schema: public; Owner: neondb_owner
--

ALTER TABLE ONLY public.users
    ADD CONSTRAINT users_pkey PRIMARY KEY (id);


--
-- Name: users users_user_id_key; Type: CONSTRAINT; Schema: public; Owner: neondb_owner
--

ALTER TABLE ONLY public.users
    ADD CONSTRAINT users_user_id_key UNIQUE (user_id);


--
-- Name: ix_admins_email; Type: INDEX; Schema: public; Owner: neondb_owner
--

CREATE UNIQUE INDEX ix_admins_email ON public.admins USING btree (email);


--
-- Name: ix_managers_email; Type: INDEX; Schema: public; Owner: neondb_owner
--

CREATE UNIQUE INDEX ix_managers_email ON public.managers USING btree (email);


--
-- Name: ix_users_email; Type: INDEX; Schema: public; Owner: neondb_owner
--

CREATE UNIQUE INDEX ix_users_email ON public.users USING btree (email);


--
-- Name: applications applications_user_id_fkey; Type: FK CONSTRAINT; Schema: public; Owner: neondb_owner
--

ALTER TABLE ONLY public.applications
    ADD CONSTRAINT applications_user_id_fkey FOREIGN KEY (user_id) REFERENCES public.users(id);


--
-- Name: blog_article_tags blog_article_tags_article_id_fkey; Type: FK CONSTRAINT; Schema: public; Owner: neondb_owner
--

ALTER TABLE ONLY public.blog_article_tags
    ADD CONSTRAINT blog_article_tags_article_id_fkey FOREIGN KEY (article_id) REFERENCES public.blog_articles(id);


--
-- Name: blog_article_tags blog_article_tags_tag_id_fkey; Type: FK CONSTRAINT; Schema: public; Owner: neondb_owner
--

ALTER TABLE ONLY public.blog_article_tags
    ADD CONSTRAINT blog_article_tags_tag_id_fkey FOREIGN KEY (tag_id) REFERENCES public.blog_tags(id);


--
-- Name: blog_articles blog_articles_author_id_fkey; Type: FK CONSTRAINT; Schema: public; Owner: neondb_owner
--

ALTER TABLE ONLY public.blog_articles
    ADD CONSTRAINT blog_articles_author_id_fkey FOREIGN KEY (author_id) REFERENCES public.managers(id);


--
-- Name: blog_articles blog_articles_category_id_fkey; Type: FK CONSTRAINT; Schema: public; Owner: neondb_owner
--

ALTER TABLE ONLY public.blog_articles
    ADD CONSTRAINT blog_articles_category_id_fkey FOREIGN KEY (category_id) REFERENCES public.blog_categories(id);


--
-- Name: blog_comments blog_comments_article_id_fkey; Type: FK CONSTRAINT; Schema: public; Owner: neondb_owner
--

ALTER TABLE ONLY public.blog_comments
    ADD CONSTRAINT blog_comments_article_id_fkey FOREIGN KEY (article_id) REFERENCES public.blog_articles(id);


--
-- Name: blog_comments blog_comments_parent_id_fkey; Type: FK CONSTRAINT; Schema: public; Owner: neondb_owner
--

ALTER TABLE ONLY public.blog_comments
    ADD CONSTRAINT blog_comments_parent_id_fkey FOREIGN KEY (parent_id) REFERENCES public.blog_comments(id);


--
-- Name: blog_comments blog_comments_user_id_fkey; Type: FK CONSTRAINT; Schema: public; Owner: neondb_owner
--

ALTER TABLE ONLY public.blog_comments
    ADD CONSTRAINT blog_comments_user_id_fkey FOREIGN KEY (user_id) REFERENCES public.users(id);


--
-- Name: blog_posts blog_posts_author_id_fkey; Type: FK CONSTRAINT; Schema: public; Owner: neondb_owner
--

ALTER TABLE ONLY public.blog_posts
    ADD CONSTRAINT blog_posts_author_id_fkey FOREIGN KEY (author_id) REFERENCES public.admins(id);


--
-- Name: callback_requests callback_requests_assigned_manager_id_fkey; Type: FK CONSTRAINT; Schema: public; Owner: neondb_owner
--

ALTER TABLE ONLY public.callback_requests
    ADD CONSTRAINT callback_requests_assigned_manager_id_fkey FOREIGN KEY (assigned_manager_id) REFERENCES public.managers(id);


--
-- Name: cashback_applications cashback_applications_approved_by_manager_id_fkey; Type: FK CONSTRAINT; Schema: public; Owner: neondb_owner
--

ALTER TABLE ONLY public.cashback_applications
    ADD CONSTRAINT cashback_applications_approved_by_manager_id_fkey FOREIGN KEY (approved_by_manager_id) REFERENCES public.managers(id);


--
-- Name: cashback_applications cashback_applications_user_id_fkey; Type: FK CONSTRAINT; Schema: public; Owner: neondb_owner
--

ALTER TABLE ONLY public.cashback_applications
    ADD CONSTRAINT cashback_applications_user_id_fkey FOREIGN KEY (user_id) REFERENCES public.users(id);


--
-- Name: cashback_payouts cashback_payouts_user_id_fkey; Type: FK CONSTRAINT; Schema: public; Owner: neondb_owner
--

ALTER TABLE ONLY public.cashback_payouts
    ADD CONSTRAINT cashback_payouts_user_id_fkey FOREIGN KEY (user_id) REFERENCES public.users(id);


--
-- Name: cashback_records cashback_records_user_id_fkey; Type: FK CONSTRAINT; Schema: public; Owner: neondb_owner
--

ALTER TABLE ONLY public.cashback_records
    ADD CONSTRAINT cashback_records_user_id_fkey FOREIGN KEY (user_id) REFERENCES public.users(id);


--
-- Name: client_property_recommendations client_property_recommendations_client_id_fkey; Type: FK CONSTRAINT; Schema: public; Owner: neondb_owner
--

ALTER TABLE ONLY public.client_property_recommendations
    ADD CONSTRAINT client_property_recommendations_client_id_fkey FOREIGN KEY (client_id) REFERENCES public.users(id);


--
-- Name: client_property_recommendations client_property_recommendations_manager_id_fkey; Type: FK CONSTRAINT; Schema: public; Owner: neondb_owner
--

ALTER TABLE ONLY public.client_property_recommendations
    ADD CONSTRAINT client_property_recommendations_manager_id_fkey FOREIGN KEY (manager_id) REFERENCES public.users(id);


--
-- Name: client_property_recommendations client_property_recommendations_search_id_fkey; Type: FK CONSTRAINT; Schema: public; Owner: neondb_owner
--

ALTER TABLE ONLY public.client_property_recommendations
    ADD CONSTRAINT client_property_recommendations_search_id_fkey FOREIGN KEY (search_id) REFERENCES public.saved_searches(id);


--
-- Name: collection_properties collection_properties_collection_id_fkey; Type: FK CONSTRAINT; Schema: public; Owner: neondb_owner
--

ALTER TABLE ONLY public.collection_properties
    ADD CONSTRAINT collection_properties_collection_id_fkey FOREIGN KEY (collection_id) REFERENCES public.collections(id);


--
-- Name: collections collections_assigned_to_user_id_fkey; Type: FK CONSTRAINT; Schema: public; Owner: neondb_owner
--

ALTER TABLE ONLY public.collections
    ADD CONSTRAINT collections_assigned_to_user_id_fkey FOREIGN KEY (assigned_to_user_id) REFERENCES public.users(id);


--
-- Name: collections collections_created_by_manager_id_fkey; Type: FK CONSTRAINT; Schema: public; Owner: neondb_owner
--

ALTER TABLE ONLY public.collections
    ADD CONSTRAINT collections_created_by_manager_id_fkey FOREIGN KEY (created_by_manager_id) REFERENCES public.managers(id);


--
-- Name: developer_appointments developer_appointments_user_id_fkey; Type: FK CONSTRAINT; Schema: public; Owner: neondb_owner
--

ALTER TABLE ONLY public.developer_appointments
    ADD CONSTRAINT developer_appointments_user_id_fkey FOREIGN KEY (user_id) REFERENCES public.users(id);


--
-- Name: documents documents_reviewed_by_manager_id_fkey; Type: FK CONSTRAINT; Schema: public; Owner: neondb_owner
--

ALTER TABLE ONLY public.documents
    ADD CONSTRAINT documents_reviewed_by_manager_id_fkey FOREIGN KEY (reviewed_by_manager_id) REFERENCES public.managers(id);


--
-- Name: documents documents_user_id_fkey; Type: FK CONSTRAINT; Schema: public; Owner: neondb_owner
--

ALTER TABLE ONLY public.documents
    ADD CONSTRAINT documents_user_id_fkey FOREIGN KEY (user_id) REFERENCES public.users(id);


--
-- Name: favorite_properties favorite_properties_user_id_fkey; Type: FK CONSTRAINT; Schema: public; Owner: neondb_owner
--

ALTER TABLE ONLY public.favorite_properties
    ADD CONSTRAINT favorite_properties_user_id_fkey FOREIGN KEY (user_id) REFERENCES public.users(id);


--
-- Name: favorites favorites_user_id_fkey; Type: FK CONSTRAINT; Schema: public; Owner: neondb_owner
--

ALTER TABLE ONLY public.favorites
    ADD CONSTRAINT favorites_user_id_fkey FOREIGN KEY (user_id) REFERENCES public.users(id);


--
-- Name: manager_saved_searches manager_saved_searches_manager_id_fkey; Type: FK CONSTRAINT; Schema: public; Owner: neondb_owner
--

ALTER TABLE ONLY public.manager_saved_searches
    ADD CONSTRAINT manager_saved_searches_manager_id_fkey FOREIGN KEY (manager_id) REFERENCES public.managers(id);


--
-- Name: notifications notifications_user_id_fkey; Type: FK CONSTRAINT; Schema: public; Owner: neondb_owner
--

ALTER TABLE ONLY public.notifications
    ADD CONSTRAINT notifications_user_id_fkey FOREIGN KEY (user_id) REFERENCES public.users(id);


--
-- Name: recommendation_categories recommendation_categories_client_id_fkey; Type: FK CONSTRAINT; Schema: public; Owner: neondb_owner
--

ALTER TABLE ONLY public.recommendation_categories
    ADD CONSTRAINT recommendation_categories_client_id_fkey FOREIGN KEY (client_id) REFERENCES public.users(id);


--
-- Name: recommendation_categories recommendation_categories_manager_id_fkey; Type: FK CONSTRAINT; Schema: public; Owner: neondb_owner
--

ALTER TABLE ONLY public.recommendation_categories
    ADD CONSTRAINT recommendation_categories_manager_id_fkey FOREIGN KEY (manager_id) REFERENCES public.managers(id);


--
-- Name: recommendation_templates recommendation_templates_manager_id_fkey; Type: FK CONSTRAINT; Schema: public; Owner: neondb_owner
--

ALTER TABLE ONLY public.recommendation_templates
    ADD CONSTRAINT recommendation_templates_manager_id_fkey FOREIGN KEY (manager_id) REFERENCES public.managers(id);


--
-- Name: recommendations recommendations_category_id_fkey; Type: FK CONSTRAINT; Schema: public; Owner: neondb_owner
--

ALTER TABLE ONLY public.recommendations
    ADD CONSTRAINT recommendations_category_id_fkey FOREIGN KEY (category_id) REFERENCES public.recommendation_categories(id);


--
-- Name: recommendations recommendations_client_id_fkey; Type: FK CONSTRAINT; Schema: public; Owner: neondb_owner
--

ALTER TABLE ONLY public.recommendations
    ADD CONSTRAINT recommendations_client_id_fkey FOREIGN KEY (client_id) REFERENCES public.users(id);


--
-- Name: recommendations recommendations_manager_id_fkey; Type: FK CONSTRAINT; Schema: public; Owner: neondb_owner
--

ALTER TABLE ONLY public.recommendations
    ADD CONSTRAINT recommendations_manager_id_fkey FOREIGN KEY (manager_id) REFERENCES public.managers(id);


--
-- Name: residential_complexes residential_complexes_developer_id_fkey; Type: FK CONSTRAINT; Schema: public; Owner: neondb_owner
--

ALTER TABLE ONLY public.residential_complexes
    ADD CONSTRAINT residential_complexes_developer_id_fkey FOREIGN KEY (developer_id) REFERENCES public.developers(id);


--
-- Name: residential_complexes residential_complexes_district_id_fkey; Type: FK CONSTRAINT; Schema: public; Owner: neondb_owner
--

ALTER TABLE ONLY public.residential_complexes
    ADD CONSTRAINT residential_complexes_district_id_fkey FOREIGN KEY (district_id) REFERENCES public.districts(id);


--
-- Name: saved_searches saved_searches_user_id_fkey; Type: FK CONSTRAINT; Schema: public; Owner: neondb_owner
--

ALTER TABLE ONLY public.saved_searches
    ADD CONSTRAINT saved_searches_user_id_fkey FOREIGN KEY (user_id) REFERENCES public.users(id);


--
-- Name: sent_searches sent_searches_client_id_fkey; Type: FK CONSTRAINT; Schema: public; Owner: neondb_owner
--

ALTER TABLE ONLY public.sent_searches
    ADD CONSTRAINT sent_searches_client_id_fkey FOREIGN KEY (client_id) REFERENCES public.users(id);


--
-- Name: sent_searches sent_searches_manager_id_fkey; Type: FK CONSTRAINT; Schema: public; Owner: neondb_owner
--

ALTER TABLE ONLY public.sent_searches
    ADD CONSTRAINT sent_searches_manager_id_fkey FOREIGN KEY (manager_id) REFERENCES public.managers(id);


--
-- Name: sent_searches sent_searches_manager_search_id_fkey; Type: FK CONSTRAINT; Schema: public; Owner: neondb_owner
--

ALTER TABLE ONLY public.sent_searches
    ADD CONSTRAINT sent_searches_manager_search_id_fkey FOREIGN KEY (manager_search_id) REFERENCES public.manager_saved_searches(id);


--
-- Name: streets streets_district_id_fkey; Type: FK CONSTRAINT; Schema: public; Owner: neondb_owner
--

ALTER TABLE ONLY public.streets
    ADD CONSTRAINT streets_district_id_fkey FOREIGN KEY (district_id) REFERENCES public.districts(id);


--
-- Name: user_notifications user_notifications_user_id_fkey; Type: FK CONSTRAINT; Schema: public; Owner: neondb_owner
--

ALTER TABLE ONLY public.user_notifications
    ADD CONSTRAINT user_notifications_user_id_fkey FOREIGN KEY (user_id) REFERENCES public.users(id);


--
-- Name: users users_assigned_manager_id_fkey; Type: FK CONSTRAINT; Schema: public; Owner: neondb_owner
--

ALTER TABLE ONLY public.users
    ADD CONSTRAINT users_assigned_manager_id_fkey FOREIGN KEY (assigned_manager_id) REFERENCES public.managers(id);


--
-- Name: DEFAULT PRIVILEGES FOR SEQUENCES; Type: DEFAULT ACL; Schema: public; Owner: cloud_admin
--

ALTER DEFAULT PRIVILEGES FOR ROLE cloud_admin IN SCHEMA public GRANT ALL ON SEQUENCES TO neon_superuser WITH GRANT OPTION;


--
-- Name: DEFAULT PRIVILEGES FOR TABLES; Type: DEFAULT ACL; Schema: public; Owner: cloud_admin
--

ALTER DEFAULT PRIVILEGES FOR ROLE cloud_admin IN SCHEMA public GRANT SELECT,INSERT,REFERENCES,DELETE,TRIGGER,TRUNCATE,UPDATE ON TABLES TO neon_superuser WITH GRANT OPTION;


--
-- PostgreSQL database dump complete
--

